[0.000000] (-) TimerEvent: {}
[0.003165] (pc21_sysid) JobQueued: {'identifier': 'pc21_sysid', 'dependencies': OrderedDict()}
[0.004211] (pc21_sysid) JobStarted: {'identifier': 'pc21_sysid'}
[0.164474] (-) TimerEvent: {}
[0.173352] (pc21_sysid) JobProgress: {'identifier': 'pc21_sysid', 'progress': 'cmake'}
[0.186137] (pc21_sysid) JobProgress: {'identifier': 'pc21_sysid', 'progress': 'build'}
[0.192339] (pc21_sysid) Command: {'cmd': ['/usr/bin/cmake', '--build', '/home/tud-rpi-msc-bauer/px4_ros_ws/src/pc21_sysid/build/pc21_sysid', '--', '-j4', '-l4'], 'cwd': '/home/tud-rpi-msc-bauer/px4_ros_ws/src/pc21_sysid/build/pc21_sysid', 'env': OrderedDict([('LESSOPEN', '| /usr/bin/lesspipe %s'), ('USER', 'tud-rpi-msc-bauer'), ('SSH_CLIENT', '10.128.21.134 44984 22'), ('XDG_SESSION_TYPE', 'tty'), ('SHLVL', '1'), ('LD_LIBRARY_PATH', '/home/tud-rpi-msc-bauer/px4_ros_ws/install/px4_msgs/lib:/home/tud-rpi-msc-bauer/px4_ros_ws/install/pc21_sysid_interfaces/lib:/home/tud-rpi-msc-bauer/px4_ros_uxrce_dds_ws/src/install/microxrcedds_agent/lib:/opt/ros/humble/lib/aarch64-linux-gnu:/opt/ros/humble/lib'), ('MOTD_SHOWN', 'pam'), ('HOME', '/home/tud-rpi-msc-bauer'), ('TERMINFO', '/home/tud-rpi-msc-bauer/.terminfo'), ('OLDPWD', '/home/tud-rpi-msc-bauer/px4_ros_ws/src'), ('SSH_TTY', '/dev/pts/3'), ('ROS_PYTHON_VERSION', '3'), ('DBUS_SESSION_BUS_ADDRESS', 'unix:path=/run/user/1000/bus'), ('COLORTERM', 'truecolor'), ('COLCON_PREFIX_PATH', '/home/tud-rpi-msc-bauer/px4_ros_ws/install:/home/tud-rpi-msc-bauer/px4_ros_uxrce_dds_ws/src/install'), ('ROS_DISTRO', 'humble'), ('LOGNAME', 'tud-rpi-msc-bauer'), ('_', '/usr/bin/colcon'), ('ROS_VERSION', '2'), ('XDG_SESSION_CLASS', 'user'), ('KITTY_PUBLIC_KEY', '1:dI=212VvMQ^>Kp`*QVQXeLVX9gl%!gM9fA0TWcp0'), ('TERM', 'xterm-kitty'), ('XDG_SESSION_ID', '1'), ('ROS_LOCALHOST_ONLY', '0'), ('PATH', '/home/tud-rpi-msc-bauer/px4_ros_uxrce_dds_ws/src/install/microxrcedds_agent/bin:/opt/ros/humble/bin:/usr/local/sbin:/usr/local/bin:/usr/sbin:/usr/bin:/sbin:/bin:/usr/games:/usr/local/games:/snap/bin:/home/tud-rpi-msc-bauer/.local/share/kitty-ssh-kitten/kitty/bin'), ('XDG_RUNTIME_DIR', '/run/user/1000'), ('LANG', 'C.UTF-8'), ('LS_COLORS', 'rs=0:di=01;34:ln=01;36:mh=00:pi=40;33:so=01;35:do=01;35:bd=40;33;01:cd=40;33;01:or=40;31;01:mi=00:su=37;41:sg=30;43:ca=30;41:tw=30;42:ow=34;42:st=37;44:ex=01;32:*.tar=01;31:*.tgz=01;31:*.arc=01;31:*.arj=01;31:*.taz=01;31:*.lha=01;31:*.lz4=01;31:*.lzh=01;31:*.lzma=01;31:*.tlz=01;31:*.txz=01;31:*.tzo=01;31:*.t7z=01;31:*.zip=01;31:*.z=01;31:*.dz=01;31:*.gz=01;31:*.lrz=01;31:*.lz=01;31:*.lzo=01;31:*.xz=01;31:*.zst=01;31:*.tzst=01;31:*.bz2=01;31:*.bz=01;31:*.tbz=01;31:*.tbz2=01;31:*.tz=01;31:*.deb=01;31:*.rpm=01;31:*.jar=01;31:*.war=01;31:*.ear=01;31:*.sar=01;31:*.rar=01;31:*.alz=01;31:*.ace=01;31:*.zoo=01;31:*.cpio=01;31:*.7z=01;31:*.rz=01;31:*.cab=01;31:*.wim=01;31:*.swm=01;31:*.dwm=01;31:*.esd=01;31:*.jpg=01;35:*.jpeg=01;35:*.mjpg=01;35:*.mjpeg=01;35:*.gif=01;35:*.bmp=01;35:*.pbm=01;35:*.pgm=01;35:*.ppm=01;35:*.tga=01;35:*.xbm=01;35:*.xpm=01;35:*.tif=01;35:*.tiff=01;35:*.png=01;35:*.svg=01;35:*.svgz=01;35:*.mng=01;35:*.pcx=01;35:*.mov=01;35:*.mpg=01;35:*.mpeg=01;35:*.m2v=01;35:*.mkv=01;35:*.webm=01;35:*.webp=01;35:*.ogm=01;35:*.mp4=01;35:*.m4v=01;35:*.mp4v=01;35:*.vob=01;35:*.qt=01;35:*.nuv=01;35:*.wmv=01;35:*.asf=01;35:*.rm=01;35:*.rmvb=01;35:*.flc=01;35:*.avi=01;35:*.fli=01;35:*.flv=01;35:*.gl=01;35:*.dl=01;35:*.xcf=01;35:*.xwd=01;35:*.yuv=01;35:*.cgm=01;35:*.emf=01;35:*.ogv=01;35:*.ogx=01;35:*.aac=00;36:*.au=00;36:*.flac=00;36:*.m4a=00;36:*.mid=00;36:*.midi=00;36:*.mka=00;36:*.mp3=00;36:*.mpc=00;36:*.ogg=00;36:*.ra=00;36:*.wav=00;36:*.oga=00;36:*.opus=00;36:*.spx=00;36:*.xspf=00;36:'), ('AMENT_PREFIX_PATH', '/home/tud-rpi-msc-bauer/px4_ros_ws/install/pc21_sysid:/home/tud-rpi-msc-bauer/px4_ros_ws/install/px4_msgs:/home/tud-rpi-msc-bauer/px4_ros_ws/install/pc21_sysid_interfaces:/opt/ros/humble'), ('SHELL', '/bin/bash'), ('KITTY_WINDOW_ID', '18'), ('LESSCLOSE', '/usr/bin/lesspipe %s %s'), ('PWD', '/home/tud-rpi-msc-bauer/px4_ros_ws/src/pc21_sysid/build/pc21_sysid'), ('SSH_CONNECTION', '10.128.21.134 44984 10.128.21.124 22'), ('XDG_DATA_DIRS', '/usr/local/share:/usr/share:/var/lib/snapd/desktop'), ('PYTHONPATH', '/home/tud-rpi-msc-bauer/px4_ros_ws/install/pc21_sysid/local/lib/python3.10/dist-packages:/home/tud-rpi-msc-bauer/px4_ros_ws/install/px4_msgs/local/lib/python3.10/dist-packages:/home/tud-rpi-msc-bauer/px4_ros_ws/install/pc21_sysid_interfaces/local/lib/python3.10/dist-packages:/opt/ros/humble/lib/python3.10/site-packages:/opt/ros/humble/local/lib/python3.10/dist-packages'), ('COLCON', '1'), ('CMAKE_PREFIX_PATH', '/home/tud-rpi-msc-bauer/px4_ros_ws/install/pc21_sysid:/home/tud-rpi-msc-bauer/px4_ros_ws/install/px4_msgs:/home/tud-rpi-msc-bauer/px4_ros_ws/install/pc21_sysid_interfaces:/home/tud-rpi-msc-bauer/px4_ros_uxrce_dds_ws/src/install/microxrcedds_agent:/opt/ros/humble')]), 'shell': False}
[0.264834] (-) TimerEvent: {}
[0.366233] (-) TimerEvent: {}
[0.467800] (-) TimerEvent: {}
[0.569197] (-) TimerEvent: {}
[0.670538] (-) TimerEvent: {}
[0.771885] (-) TimerEvent: {}
[0.873312] (-) TimerEvent: {}
[0.974754] (-) TimerEvent: {}
[1.076010] (-) TimerEvent: {}
[1.159547] (pc21_sysid) StdoutLine: {'line': b'\x1b[35m\x1b[1mConsolidate compiler generated dependencies of target maneuver_runner\x1b[0m\n'}
[1.176359] (-) TimerEvent: {}
[1.277711] (-) TimerEvent: {}
[1.315000] (pc21_sysid) StdoutLine: {'line': b'[  0%] Built target ament_cmake_python_copy_pc21_sysid\n'}
[1.378090] (-) TimerEvent: {}
[1.479620] (-) TimerEvent: {}
[1.580997] (-) TimerEvent: {}
[1.660840] (pc21_sysid) StdoutLine: {'line': b'[ 14%] \x1b[32mBuilding CXX object CMakeFiles/maneuver_runner.dir/src/maneuver_runner.cpp.o\x1b[0m\n'}
[1.681203] (-) TimerEvent: {}
[1.782542] (-) TimerEvent: {}
[1.883879] (-) TimerEvent: {}
[1.985154] (-) TimerEvent: {}
[2.086451] (-) TimerEvent: {}
[2.187662] (-) TimerEvent: {}
[2.288898] (-) TimerEvent: {}
[2.390085] (-) TimerEvent: {}
[2.491394] (-) TimerEvent: {}
[2.592569] (-) TimerEvent: {}
[2.694038] (-) TimerEvent: {}
[2.795337] (-) TimerEvent: {}
[2.896412] (-) TimerEvent: {}
[2.997669] (-) TimerEvent: {}
[3.098880] (-) TimerEvent: {}
[3.200003] (-) TimerEvent: {}
[3.302852] (-) TimerEvent: {}
[3.403991] (-) TimerEvent: {}
[3.505136] (-) TimerEvent: {}
[3.595714] (pc21_sysid) StdoutLine: {'line': b'running egg_info\n'}
[3.601543] (pc21_sysid) StdoutLine: {'line': b'writing pc21_sysid.egg-info/PKG-INFO\n'}
[3.603790] (pc21_sysid) StdoutLine: {'line': b'writing dependency_links to pc21_sysid.egg-info/dependency_links.txt\n'}
[3.605321] (-) TimerEvent: {}
[3.606633] (pc21_sysid) StdoutLine: {'line': b'writing top-level names to pc21_sysid.egg-info/top_level.txt\n'}
[3.629558] (pc21_sysid) StdoutLine: {'line': b"reading manifest file 'pc21_sysid.egg-info/SOURCES.txt'\n"}
[3.635855] (pc21_sysid) StdoutLine: {'line': b"writing manifest file 'pc21_sysid.egg-info/SOURCES.txt'\n"}
[3.705724] (-) TimerEvent: {}
[3.807208] (-) TimerEvent: {}
[3.902829] (pc21_sysid) StdoutLine: {'line': b'[ 14%] Built target ament_cmake_python_build_pc21_sysid_egg\n'}
[3.907458] (-) TimerEvent: {}
[4.008754] (-) TimerEvent: {}
[4.110151] (-) TimerEvent: {}
[4.211440] (-) TimerEvent: {}
[4.312561] (-) TimerEvent: {}
[4.413727] (-) TimerEvent: {}
[4.515158] (-) TimerEvent: {}
[4.616436] (-) TimerEvent: {}
[4.717676] (-) TimerEvent: {}
[4.819021] (-) TimerEvent: {}
[4.920332] (-) TimerEvent: {}
[5.021610] (-) TimerEvent: {}
[5.122817] (-) TimerEvent: {}
[5.223986] (-) TimerEvent: {}
[5.325182] (-) TimerEvent: {}
[5.426621] (-) TimerEvent: {}
[5.527888] (-) TimerEvent: {}
[5.629230] (-) TimerEvent: {}
[5.730750] (-) TimerEvent: {}
[5.832005] (-) TimerEvent: {}
[5.933148] (-) TimerEvent: {}
[6.034376] (-) TimerEvent: {}
[6.135697] (-) TimerEvent: {}
[6.236788] (-) TimerEvent: {}
[6.338275] (-) TimerEvent: {}
[6.439602] (-) TimerEvent: {}
[6.540840] (-) TimerEvent: {}
[6.642150] (-) TimerEvent: {}
[6.743313] (-) TimerEvent: {}
[6.844645] (-) TimerEvent: {}
[6.945932] (-) TimerEvent: {}
[7.047396] (-) TimerEvent: {}
[7.149222] (-) TimerEvent: {}
[7.250466] (-) TimerEvent: {}
[7.351648] (-) TimerEvent: {}
[7.452855] (-) TimerEvent: {}
[7.554186] (-) TimerEvent: {}
[7.655898] (-) TimerEvent: {}
[7.757355] (-) TimerEvent: {}
[7.858777] (-) TimerEvent: {}
[7.960022] (-) TimerEvent: {}
[8.061314] (-) TimerEvent: {}
[8.162705] (-) TimerEvent: {}
[8.264012] (-) TimerEvent: {}
[8.365311] (-) TimerEvent: {}
[8.466634] (-) TimerEvent: {}
[8.567914] (-) TimerEvent: {}
[8.669327] (-) TimerEvent: {}
[8.770629] (-) TimerEvent: {}
[8.871937] (-) TimerEvent: {}
[8.973309] (-) TimerEvent: {}
[9.074760] (-) TimerEvent: {}
[9.176046] (-) TimerEvent: {}
[9.277477] (-) TimerEvent: {}
[9.379551] (-) TimerEvent: {}
[9.480838] (-) TimerEvent: {}
[9.582558] (-) TimerEvent: {}
[9.683994] (-) TimerEvent: {}
[9.785297] (-) TimerEvent: {}
[9.886658] (-) TimerEvent: {}
[9.987932] (-) TimerEvent: {}
[10.089223] (-) TimerEvent: {}
[10.190595] (-) TimerEvent: {}
[10.292075] (-) TimerEvent: {}
[10.393369] (-) TimerEvent: {}
[10.494808] (-) TimerEvent: {}
[10.596111] (-) TimerEvent: {}
[10.697455] (-) TimerEvent: {}
[10.798768] (-) TimerEvent: {}
[10.900032] (-) TimerEvent: {}
[11.001269] (-) TimerEvent: {}
[11.102554] (-) TimerEvent: {}
[11.203757] (-) TimerEvent: {}
[11.305147] (-) TimerEvent: {}
[11.406501] (-) TimerEvent: {}
[11.507752] (-) TimerEvent: {}
[11.609003] (-) TimerEvent: {}
[11.710288] (-) TimerEvent: {}
[11.811536] (-) TimerEvent: {}
[11.912784] (-) TimerEvent: {}
[12.014192] (-) TimerEvent: {}
[12.115438] (-) TimerEvent: {}
[12.216906] (-) TimerEvent: {}
[12.318164] (-) TimerEvent: {}
[12.419398] (-) TimerEvent: {}
[12.520665] (-) TimerEvent: {}
[12.621950] (-) TimerEvent: {}
[12.723235] (-) TimerEvent: {}
[12.824474] (-) TimerEvent: {}
[12.925782] (-) TimerEvent: {}
[13.027126] (-) TimerEvent: {}
[13.128418] (-) TimerEvent: {}
[13.229789] (-) TimerEvent: {}
[13.331112] (-) TimerEvent: {}
[13.432427] (-) TimerEvent: {}
[13.533668] (-) TimerEvent: {}
[13.635012] (-) TimerEvent: {}
[13.736325] (-) TimerEvent: {}
[13.837589] (-) TimerEvent: {}
[13.938865] (-) TimerEvent: {}
[14.040066] (-) TimerEvent: {}
[14.141361] (-) TimerEvent: {}
[14.242726] (-) TimerEvent: {}
[14.343966] (-) TimerEvent: {}
[14.445256] (-) TimerEvent: {}
[14.546587] (-) TimerEvent: {}
[14.647849] (-) TimerEvent: {}
[14.749121] (-) TimerEvent: {}
[14.850483] (-) TimerEvent: {}
[14.951715] (-) TimerEvent: {}
[15.052935] (-) TimerEvent: {}
[15.154194] (-) TimerEvent: {}
[15.255428] (-) TimerEvent: {}
[15.356653] (-) TimerEvent: {}
[15.457971] (-) TimerEvent: {}
[15.559210] (-) TimerEvent: {}
[15.660523] (-) TimerEvent: {}
[15.761823] (-) TimerEvent: {}
[15.863155] (-) TimerEvent: {}
[15.964448] (-) TimerEvent: {}
[16.065702] (-) TimerEvent: {}
[16.167041] (-) TimerEvent: {}
[16.268277] (-) TimerEvent: {}
[16.369544] (-) TimerEvent: {}
[16.470918] (-) TimerEvent: {}
[16.572155] (-) TimerEvent: {}
[16.673301] (-) TimerEvent: {}
[16.774536] (-) TimerEvent: {}
[16.875688] (-) TimerEvent: {}
[16.976830] (-) TimerEvent: {}
[17.078110] (-) TimerEvent: {}
[17.179283] (-) TimerEvent: {}
[17.280512] (-) TimerEvent: {}
[17.381816] (-) TimerEvent: {}
[17.483190] (-) TimerEvent: {}
[17.584442] (-) TimerEvent: {}
[17.685786] (-) TimerEvent: {}
[17.787160] (-) TimerEvent: {}
[17.888466] (-) TimerEvent: {}
[17.989717] (-) TimerEvent: {}
[18.090992] (-) TimerEvent: {}
[18.192290] (-) TimerEvent: {}
[18.293621] (-) TimerEvent: {}
[18.394982] (-) TimerEvent: {}
[18.496335] (-) TimerEvent: {}
[18.597586] (-) TimerEvent: {}
[18.698875] (-) TimerEvent: {}
[18.800148] (-) TimerEvent: {}
[18.901476] (-) TimerEvent: {}
[19.002799] (-) TimerEvent: {}
[19.104063] (-) TimerEvent: {}
[19.205396] (-) TimerEvent: {}
[19.306742] (-) TimerEvent: {}
[19.407948] (-) TimerEvent: {}
[19.509185] (-) TimerEvent: {}
[19.610481] (-) TimerEvent: {}
[19.711673] (-) TimerEvent: {}
[19.813019] (-) TimerEvent: {}
[19.914309] (-) TimerEvent: {}
[20.015840] (-) TimerEvent: {}
[20.117124] (-) TimerEvent: {}
[20.218430] (-) TimerEvent: {}
[20.319671] (-) TimerEvent: {}
[20.420908] (-) TimerEvent: {}
[20.522245] (-) TimerEvent: {}
[20.623545] (-) TimerEvent: {}
[20.724747] (-) TimerEvent: {}
[20.826047] (-) TimerEvent: {}
[20.927297] (-) TimerEvent: {}
[21.028561] (-) TimerEvent: {}
[21.129856] (-) TimerEvent: {}
[21.231128] (-) TimerEvent: {}
[21.332402] (-) TimerEvent: {}
[21.433715] (-) TimerEvent: {}
[21.535107] (-) TimerEvent: {}
[21.636428] (-) TimerEvent: {}
[21.737773] (-) TimerEvent: {}
[21.839099] (-) TimerEvent: {}
[21.940397] (-) TimerEvent: {}
[22.041651] (-) TimerEvent: {}
[22.142926] (-) TimerEvent: {}
[22.244117] (-) TimerEvent: {}
[22.345432] (-) TimerEvent: {}
[22.446800] (-) TimerEvent: {}
[22.548181] (-) TimerEvent: {}
[22.649460] (-) TimerEvent: {}
[22.750830] (-) TimerEvent: {}
[22.852082] (-) TimerEvent: {}
[22.953257] (-) TimerEvent: {}
[23.054464] (-) TimerEvent: {}
[23.155613] (-) TimerEvent: {}
[23.256824] (-) TimerEvent: {}
[23.358031] (-) TimerEvent: {}
[23.459197] (-) TimerEvent: {}
[23.560330] (-) TimerEvent: {}
[23.661445] (-) TimerEvent: {}
[23.762636] (-) TimerEvent: {}
[23.863773] (-) TimerEvent: {}
[23.964914] (-) TimerEvent: {}
[24.066160] (-) TimerEvent: {}
[24.167304] (-) TimerEvent: {}
[24.268552] (-) TimerEvent: {}
[24.369781] (-) TimerEvent: {}
[24.471186] (-) TimerEvent: {}
[24.572456] (-) TimerEvent: {}
[24.673687] (-) TimerEvent: {}
[24.775055] (-) TimerEvent: {}
[24.876363] (-) TimerEvent: {}
[24.977663] (-) TimerEvent: {}
[25.078989] (-) TimerEvent: {}
[25.180323] (-) TimerEvent: {}
[25.281594] (-) TimerEvent: {}
[25.382969] (-) TimerEvent: {}
[25.484251] (-) TimerEvent: {}
[25.585579] (-) TimerEvent: {}
[25.686922] (-) TimerEvent: {}
[25.788239] (-) TimerEvent: {}
[25.889416] (-) TimerEvent: {}
[25.990750] (-) TimerEvent: {}
[26.092008] (-) TimerEvent: {}
[26.193280] (-) TimerEvent: {}
[26.294655] (-) TimerEvent: {}
[26.395974] (-) TimerEvent: {}
[26.497233] (-) TimerEvent: {}
[26.598433] (-) TimerEvent: {}
[26.699680] (-) TimerEvent: {}
[26.800939] (-) TimerEvent: {}
[26.902255] (-) TimerEvent: {}
[27.003509] (-) TimerEvent: {}
[27.104719] (-) TimerEvent: {}
[27.206016] (-) TimerEvent: {}
[27.307262] (-) TimerEvent: {}
[27.408547] (-) TimerEvent: {}
[27.509772] (-) TimerEvent: {}
[27.611185] (-) TimerEvent: {}
[27.712633] (-) TimerEvent: {}
[27.813825] (-) TimerEvent: {}
[27.915158] (-) TimerEvent: {}
[28.016439] (-) TimerEvent: {}
[28.117708] (-) TimerEvent: {}
[28.218984] (-) TimerEvent: {}
[28.320263] (-) TimerEvent: {}
[28.421542] (-) TimerEvent: {}
[28.522998] (-) TimerEvent: {}
[28.624257] (-) TimerEvent: {}
[28.725525] (-) TimerEvent: {}
[28.826771] (-) TimerEvent: {}
[28.928068] (-) TimerEvent: {}
[29.029352] (-) TimerEvent: {}
[29.130707] (-) TimerEvent: {}
[29.232016] (-) TimerEvent: {}
[29.333320] (-) TimerEvent: {}
[29.434685] (-) TimerEvent: {}
[29.535965] (-) TimerEvent: {}
[29.637286] (-) TimerEvent: {}
[29.738643] (-) TimerEvent: {}
[29.840000] (-) TimerEvent: {}
[29.941297] (-) TimerEvent: {}
[30.042652] (-) TimerEvent: {}
[30.143769] (-) TimerEvent: {}
[30.244966] (-) TimerEvent: {}
[30.346328] (-) TimerEvent: {}
[30.447585] (-) TimerEvent: {}
[30.548881] (-) TimerEvent: {}
[30.650134] (-) TimerEvent: {}
[30.751373] (-) TimerEvent: {}
[30.852547] (-) TimerEvent: {}
[30.953821] (-) TimerEvent: {}
[31.055194] (-) TimerEvent: {}
[31.156668] (-) TimerEvent: {}
[31.258075] (-) TimerEvent: {}
[31.359282] (-) TimerEvent: {}
[31.460575] (-) TimerEvent: {}
[31.561948] (-) TimerEvent: {}
[31.663216] (-) TimerEvent: {}
[31.764547] (-) TimerEvent: {}
[31.865866] (-) TimerEvent: {}
[31.967176] (-) TimerEvent: {}
[32.068465] (-) TimerEvent: {}
[32.169747] (-) TimerEvent: {}
[32.271126] (-) TimerEvent: {}
[32.372343] (-) TimerEvent: {}
[32.473543] (-) TimerEvent: {}
[32.574844] (-) TimerEvent: {}
[32.676168] (-) TimerEvent: {}
[32.777626] (-) TimerEvent: {}
[32.878988] (-) TimerEvent: {}
[32.980255] (-) TimerEvent: {}
[33.081500] (-) TimerEvent: {}
[33.182878] (-) TimerEvent: {}
[33.284163] (-) TimerEvent: {}
[33.385437] (-) TimerEvent: {}
[33.486813] (-) TimerEvent: {}
[33.587987] (-) TimerEvent: {}
[33.689243] (-) TimerEvent: {}
[33.790565] (-) TimerEvent: {}
[33.891861] (-) TimerEvent: {}
[33.993107] (-) TimerEvent: {}
[34.094436] (-) TimerEvent: {}
[34.195735] (-) TimerEvent: {}
[34.297031] (-) TimerEvent: {}
[34.398383] (-) TimerEvent: {}
[34.499728] (-) TimerEvent: {}
[34.601056] (-) TimerEvent: {}
[34.702400] (-) TimerEvent: {}
[34.803580] (-) TimerEvent: {}
[34.904876] (-) TimerEvent: {}
[35.006194] (-) TimerEvent: {}
[35.107423] (-) TimerEvent: {}
[35.208704] (-) TimerEvent: {}
[35.310068] (-) TimerEvent: {}
[35.411288] (-) TimerEvent: {}
[35.512671] (-) TimerEvent: {}
[35.614008] (-) TimerEvent: {}
[35.715290] (-) TimerEvent: {}
[35.816569] (-) TimerEvent: {}
[35.917952] (-) TimerEvent: {}
[36.019222] (-) TimerEvent: {}
[36.120498] (-) TimerEvent: {}
[36.221749] (-) TimerEvent: {}
[36.323068] (-) TimerEvent: {}
[36.424326] (-) TimerEvent: {}
[36.525587] (-) TimerEvent: {}
[36.626923] (-) TimerEvent: {}
[36.728261] (-) TimerEvent: {}
[36.829597] (-) TimerEvent: {}
[36.930848] (-) TimerEvent: {}
[37.031977] (-) TimerEvent: {}
[37.133125] (-) TimerEvent: {}
[37.234304] (-) TimerEvent: {}
[37.335486] (-) TimerEvent: {}
[37.436668] (-) TimerEvent: {}
[37.537830] (-) TimerEvent: {}
[37.639043] (-) TimerEvent: {}
[37.740167] (-) TimerEvent: {}
[37.841358] (-) TimerEvent: {}
[37.942678] (-) TimerEvent: {}
[38.043828] (-) TimerEvent: {}
[38.145058] (-) TimerEvent: {}
[38.246192] (-) TimerEvent: {}
[38.347380] (-) TimerEvent: {}
[38.448544] (-) TimerEvent: {}
[38.549734] (-) TimerEvent: {}
[38.650972] (-) TimerEvent: {}
[38.752142] (-) TimerEvent: {}
[38.853326] (-) TimerEvent: {}
[38.954570] (-) TimerEvent: {}
[39.055732] (-) TimerEvent: {}
[39.156960] (-) TimerEvent: {}
[39.258197] (-) TimerEvent: {}
[39.359407] (-) TimerEvent: {}
[39.460661] (-) TimerEvent: {}
[39.561857] (-) TimerEvent: {}
[39.663361] (-) TimerEvent: {}
[39.764623] (-) TimerEvent: {}
[39.865966] (-) TimerEvent: {}
[39.967260] (-) TimerEvent: {}
[40.068590] (-) TimerEvent: {}
[40.169975] (-) TimerEvent: {}
[40.271242] (-) TimerEvent: {}
[40.372578] (-) TimerEvent: {}
[40.473864] (-) TimerEvent: {}
[40.575236] (-) TimerEvent: {}
[40.676600] (-) TimerEvent: {}
[40.777938] (-) TimerEvent: {}
[40.879227] (-) TimerEvent: {}
[40.980525] (-) TimerEvent: {}
[41.081940] (-) TimerEvent: {}
[41.183245] (-) TimerEvent: {}
[41.284576] (-) TimerEvent: {}
[41.385871] (-) TimerEvent: {}
[41.487208] (-) TimerEvent: {}
[41.588509] (-) TimerEvent: {}
[41.689762] (-) TimerEvent: {}
[41.791132] (-) TimerEvent: {}
[41.892428] (-) TimerEvent: {}
[41.993777] (-) TimerEvent: {}
[42.095150] (-) TimerEvent: {}
[42.196472] (-) TimerEvent: {}
[42.297769] (-) TimerEvent: {}
[42.399160] (-) TimerEvent: {}
[42.500457] (-) TimerEvent: {}
[42.601737] (-) TimerEvent: {}
[42.703294] (-) TimerEvent: {}
[42.804687] (-) TimerEvent: {}
[42.906046] (-) TimerEvent: {}
[43.007346] (-) TimerEvent: {}
[43.108755] (-) TimerEvent: {}
[43.210152] (-) TimerEvent: {}
[43.311415] (-) TimerEvent: {}
[43.412684] (-) TimerEvent: {}
[43.514044] (-) TimerEvent: {}
[43.615281] (-) TimerEvent: {}
[43.716580] (-) TimerEvent: {}
[43.817858] (-) TimerEvent: {}
[43.919203] (-) TimerEvent: {}
[44.020478] (-) TimerEvent: {}
[44.121767] (-) TimerEvent: {}
[44.223117] (-) TimerEvent: {}
[44.324369] (-) TimerEvent: {}
[44.425686] (-) TimerEvent: {}
[44.527054] (-) TimerEvent: {}
[44.628386] (-) TimerEvent: {}
[44.729683] (-) TimerEvent: {}
[44.831086] (-) TimerEvent: {}
[44.932360] (-) TimerEvent: {}
[45.033659] (-) TimerEvent: {}
[45.135024] (-) TimerEvent: {}
[45.236318] (-) TimerEvent: {}
[45.337586] (-) TimerEvent: {}
[45.438915] (-) TimerEvent: {}
[45.540197] (-) TimerEvent: {}
[45.641531] (-) TimerEvent: {}
[45.742843] (-) TimerEvent: {}
[45.844174] (-) TimerEvent: {}
[45.945453] (-) TimerEvent: {}
[46.046818] (-) TimerEvent: {}
[46.148116] (-) TimerEvent: {}
[46.249377] (-) TimerEvent: {}
[46.350702] (-) TimerEvent: {}
[46.451989] (-) TimerEvent: {}
[46.553335] (-) TimerEvent: {}
[46.654628] (-) TimerEvent: {}
[46.757489] (-) TimerEvent: {}
[46.861012] (-) TimerEvent: {}
[46.962287] (-) TimerEvent: {}
[47.063538] (-) TimerEvent: {}
[47.164831] (-) TimerEvent: {}
[47.266157] (-) TimerEvent: {}
[47.367355] (-) TimerEvent: {}
[47.468805] (-) TimerEvent: {}
[47.570216] (-) TimerEvent: {}
[47.671560] (-) TimerEvent: {}
[47.772879] (-) TimerEvent: {}
[47.874294] (-) TimerEvent: {}
[47.975515] (-) TimerEvent: {}
[48.076849] (-) TimerEvent: {}
[48.178216] (-) TimerEvent: {}
[48.280402] (-) TimerEvent: {}
[48.383039] (-) TimerEvent: {}
[48.485535] (-) TimerEvent: {}
[48.588189] (-) TimerEvent: {}
[48.689630] (-) TimerEvent: {}
[48.791075] (-) TimerEvent: {}
[48.892538] (-) TimerEvent: {}
[48.995013] (-) TimerEvent: {}
[49.096666] (-) TimerEvent: {}
[49.199634] (-) TimerEvent: {}
[49.301174] (-) TimerEvent: {}
[49.402671] (-) TimerEvent: {}
[49.504486] (-) TimerEvent: {}
[49.606253] (-) TimerEvent: {}
[49.707595] (-) TimerEvent: {}
[49.809027] (-) TimerEvent: {}
[49.910745] (-) TimerEvent: {}
[50.012548] (-) TimerEvent: {}
[50.113803] (-) TimerEvent: {}
[50.215399] (-) TimerEvent: {}
[50.317517] (-) TimerEvent: {}
[50.419377] (-) TimerEvent: {}
[50.521037] (-) TimerEvent: {}
[50.622849] (-) TimerEvent: {}
[50.724376] (-) TimerEvent: {}
[50.826007] (-) TimerEvent: {}
[50.927743] (-) TimerEvent: {}
[51.029265] (-) TimerEvent: {}
[51.131020] (-) TimerEvent: {}
[51.232750] (-) TimerEvent: {}
[51.334310] (-) TimerEvent: {}
[51.436137] (-) TimerEvent: {}
[51.537960] (-) TimerEvent: {}
[51.639715] (-) TimerEvent: {}
[51.741237] (-) TimerEvent: {}
[51.843105] (-) TimerEvent: {}
[51.944896] (-) TimerEvent: {}
[52.046700] (-) TimerEvent: {}
[52.148245] (-) TimerEvent: {}
[52.250090] (-) TimerEvent: {}
[52.351892] (-) TimerEvent: {}
[52.453638] (-) TimerEvent: {}
[52.555246] (-) TimerEvent: {}
[52.657036] (-) TimerEvent: {}
[52.758968] (-) TimerEvent: {}
[52.860866] (-) TimerEvent: {}
[52.963181] (-) TimerEvent: {}
[53.065713] (-) TimerEvent: {}
[53.167655] (-) TimerEvent: {}
[53.269462] (-) TimerEvent: {}
[53.372023] (-) TimerEvent: {}
[53.473343] (-) TimerEvent: {}
[53.574729] (-) TimerEvent: {}
[53.676054] (-) TimerEvent: {}
[53.777339] (-) TimerEvent: {}
[53.878957] (-) TimerEvent: {}
[53.980295] (-) TimerEvent: {}
[54.081606] (-) TimerEvent: {}
[54.183224] (-) TimerEvent: {}
[54.284643] (-) TimerEvent: {}
[54.386080] (-) TimerEvent: {}
[54.487428] (-) TimerEvent: {}
[54.588709] (-) TimerEvent: {}
[54.690000] (-) TimerEvent: {}
[54.791311] (-) TimerEvent: {}
[54.892591] (-) TimerEvent: {}
[54.993970] (-) TimerEvent: {}
[55.095926] (-) TimerEvent: {}
[55.198972] (-) TimerEvent: {}
[55.301549] (-) TimerEvent: {}
[55.403532] (-) TimerEvent: {}
[55.505848] (-) TimerEvent: {}
[55.607028] (-) TimerEvent: {}
[55.708263] (-) TimerEvent: {}
[55.809514] (-) TimerEvent: {}
[55.910723] (-) TimerEvent: {}
[56.011846] (-) TimerEvent: {}
[56.113441] (-) TimerEvent: {}
[56.214604] (-) TimerEvent: {}
[56.315943] (-) TimerEvent: {}
[56.417621] (-) TimerEvent: {}
[56.519012] (-) TimerEvent: {}
[56.622515] (-) TimerEvent: {}
[56.723725] (-) TimerEvent: {}
[56.825294] (-) TimerEvent: {}
[56.927013] (-) TimerEvent: {}
[57.028444] (-) TimerEvent: {}
[57.130795] (-) TimerEvent: {}
[57.233461] (-) TimerEvent: {}
[57.335005] (-) TimerEvent: {}
[57.436801] (-) TimerEvent: {}
[57.539305] (-) TimerEvent: {}
[57.640804] (-) TimerEvent: {}
[57.742446] (-) TimerEvent: {}
[57.844215] (-) TimerEvent: {}
[57.945788] (-) TimerEvent: {}
[58.047653] (-) TimerEvent: {}
[58.149468] (-) TimerEvent: {}
[58.251347] (-) TimerEvent: {}
[58.353013] (-) TimerEvent: {}
[58.454878] (-) TimerEvent: {}
[58.556607] (-) TimerEvent: {}
[58.657989] (-) TimerEvent: {}
[58.759529] (-) TimerEvent: {}
[58.861169] (-) TimerEvent: {}
[58.963132] (-) TimerEvent: {}
[59.064644] (-) TimerEvent: {}
[59.166398] (-) TimerEvent: {}
[59.267971] (-) TimerEvent: {}
[59.369506] (-) TimerEvent: {}
[59.470991] (-) TimerEvent: {}
[59.572554] (-) TimerEvent: {}
[59.674200] (-) TimerEvent: {}
[59.775627] (-) TimerEvent: {}
[59.876913] (-) TimerEvent: {}
[59.978233] (-) TimerEvent: {}
[60.086507] (-) TimerEvent: {}
[60.238400] (-) TimerEvent: {}
[60.355694] (-) TimerEvent: {}
[60.457426] (-) TimerEvent: {}
[60.559104] (-) TimerEvent: {}
[60.660921] (-) TimerEvent: {}
[60.762748] (-) TimerEvent: {}
[60.864899] (-) TimerEvent: {}
[60.967944] (-) TimerEvent: {}
[61.069985] (-) TimerEvent: {}
[61.172189] (-) TimerEvent: {}
[61.274135] (-) TimerEvent: {}
[61.376179] (-) TimerEvent: {}
[61.478044] (-) TimerEvent: {}
[61.579747] (-) TimerEvent: {}
[61.681695] (-) TimerEvent: {}
[61.783536] (-) TimerEvent: {}
[61.885361] (-) TimerEvent: {}
[61.987247] (-) TimerEvent: {}
[62.089024] (-) TimerEvent: {}
[62.190971] (-) TimerEvent: {}
[62.292603] (-) TimerEvent: {}
[62.394407] (-) TimerEvent: {}
[62.495907] (-) TimerEvent: {}
[62.597622] (-) TimerEvent: {}
[62.699465] (-) TimerEvent: {}
[62.801018] (-) TimerEvent: {}
[62.902488] (-) TimerEvent: {}
[63.004127] (-) TimerEvent: {}
[63.105741] (-) TimerEvent: {}
[63.206955] (-) TimerEvent: {}
[63.308275] (-) TimerEvent: {}
[63.409764] (-) TimerEvent: {}
[63.511181] (-) TimerEvent: {}
[63.612632] (-) TimerEvent: {}
[63.714054] (-) TimerEvent: {}
[63.815392] (-) TimerEvent: {}
[63.917223] (-) TimerEvent: {}
[64.018944] (-) TimerEvent: {}
[64.120444] (-) TimerEvent: {}
[64.221800] (-) TimerEvent: {}
[64.323357] (-) TimerEvent: {}
[64.424580] (-) TimerEvent: {}
[64.525858] (-) TimerEvent: {}
[64.627152] (-) TimerEvent: {}
[64.728400] (-) TimerEvent: {}
[64.829613] (-) TimerEvent: {}
[64.931408] (-) TimerEvent: {}
[65.033202] (-) TimerEvent: {}
[65.134941] (-) TimerEvent: {}
[65.236740] (-) TimerEvent: {}
[65.338329] (-) TimerEvent: {}
[65.439543] (-) TimerEvent: {}
[65.541339] (-) TimerEvent: {}
[65.643333] (-) TimerEvent: {}
[65.745135] (-) TimerEvent: {}
[65.847016] (-) TimerEvent: {}
[65.948710] (-) TimerEvent: {}
[66.050560] (-) TimerEvent: {}
[66.152221] (-) TimerEvent: {}
[66.254053] (-) TimerEvent: {}
[66.355760] (-) TimerEvent: {}
[66.457472] (-) TimerEvent: {}
[66.559324] (-) TimerEvent: {}
[66.661304] (-) TimerEvent: {}
[66.763054] (-) TimerEvent: {}
[66.864484] (-) TimerEvent: {}
[66.965778] (-) TimerEvent: {}
[67.067229] (-) TimerEvent: {}
[67.168550] (-) TimerEvent: {}
[67.269808] (-) TimerEvent: {}
[67.371258] (-) TimerEvent: {}
[67.472844] (-) TimerEvent: {}
[67.574298] (-) TimerEvent: {}
[67.675604] (-) TimerEvent: {}
[67.776922] (-) TimerEvent: {}
[67.878433] (-) TimerEvent: {}
[67.980003] (-) TimerEvent: {}
[68.081605] (-) TimerEvent: {}
[68.183153] (-) TimerEvent: {}
[68.284701] (-) TimerEvent: {}
[68.386803] (-) TimerEvent: {}
[68.488221] (-) TimerEvent: {}
[68.589632] (-) TimerEvent: {}
[68.691015] (-) TimerEvent: {}
[68.792601] (-) TimerEvent: {}
[68.894350] (-) TimerEvent: {}
[68.995655] (-) TimerEvent: {}
[69.096974] (-) TimerEvent: {}
[69.198463] (-) TimerEvent: {}
[69.299842] (-) TimerEvent: {}
[69.401270] (-) TimerEvent: {}
[69.502656] (-) TimerEvent: {}
[69.603814] (-) TimerEvent: {}
[69.704990] (-) TimerEvent: {}
[69.806715] (-) TimerEvent: {}
[69.908357] (-) TimerEvent: {}
[70.009614] (-) TimerEvent: {}
[70.111507] (-) TimerEvent: {}
[70.213338] (-) TimerEvent: {}
[70.315119] (-) TimerEvent: {}
[70.416775] (-) TimerEvent: {}
[70.518812] (-) TimerEvent: {}
[70.620452] (-) TimerEvent: {}
[70.722164] (-) TimerEvent: {}
[70.823992] (-) TimerEvent: {}
[70.925768] (-) TimerEvent: {}
[71.027401] (-) TimerEvent: {}
[71.128994] (-) TimerEvent: {}
[71.230679] (-) TimerEvent: {}
[71.332125] (-) TimerEvent: {}
[71.433576] (-) TimerEvent: {}
[71.535220] (-) TimerEvent: {}
[71.636777] (-) TimerEvent: {}
[71.738660] (-) TimerEvent: {}
[71.840434] (-) TimerEvent: {}
[71.942084] (-) TimerEvent: {}
[72.044084] (-) TimerEvent: {}
[72.145646] (-) TimerEvent: {}
[72.247274] (-) TimerEvent: {}
[72.348778] (-) TimerEvent: {}
[72.450474] (-) TimerEvent: {}
[72.552135] (-) TimerEvent: {}
[72.653848] (-) TimerEvent: {}
[72.755506] (-) TimerEvent: {}
[72.857460] (-) TimerEvent: {}
[72.959093] (-) TimerEvent: {}
[73.060724] (-) TimerEvent: {}
[73.162318] (-) TimerEvent: {}
[73.263937] (-) TimerEvent: {}
[73.365517] (-) TimerEvent: {}
[73.467214] (-) TimerEvent: {}
[73.569364] (-) TimerEvent: {}
[73.670996] (-) TimerEvent: {}
[73.772487] (-) TimerEvent: {}
[73.874328] (-) TimerEvent: {}
[73.976340] (-) TimerEvent: {}
[74.077993] (-) TimerEvent: {}
[74.179723] (-) TimerEvent: {}
[74.281332] (-) TimerEvent: {}
[74.382975] (-) TimerEvent: {}
[74.484602] (-) TimerEvent: {}
[74.586216] (-) TimerEvent: {}
[74.687785] (-) TimerEvent: {}
[74.789654] (-) TimerEvent: {}
[74.891293] (-) TimerEvent: {}
[74.993133] (-) TimerEvent: {}
[75.094578] (-) TimerEvent: {}
[75.196144] (-) TimerEvent: {}
[75.297729] (-) TimerEvent: {}
[75.399346] (-) TimerEvent: {}
[75.500793] (-) TimerEvent: {}
[75.602795] (-) TimerEvent: {}
[75.704659] (-) TimerEvent: {}
[75.806516] (-) TimerEvent: {}
[75.908157] (-) TimerEvent: {}
[76.009735] (-) TimerEvent: {}
[76.111486] (-) TimerEvent: {}
[76.213439] (-) TimerEvent: {}
[76.315297] (-) TimerEvent: {}
[76.417111] (-) TimerEvent: {}
[76.518976] (-) TimerEvent: {}
[76.620795] (-) TimerEvent: {}
[76.722631] (-) TimerEvent: {}
[76.824401] (-) TimerEvent: {}
[76.926468] (-) TimerEvent: {}
[77.028085] (-) TimerEvent: {}
[77.129616] (-) TimerEvent: {}
[77.231361] (-) TimerEvent: {}
[77.332930] (-) TimerEvent: {}
[77.434555] (-) TimerEvent: {}
[77.536060] (-) TimerEvent: {}
[77.637598] (-) TimerEvent: {}
[77.739194] (-) TimerEvent: {}
[77.840862] (-) TimerEvent: {}
[77.942738] (-) TimerEvent: {}
[78.044710] (-) TimerEvent: {}
[78.146239] (-) TimerEvent: {}
[78.247972] (-) TimerEvent: {}
[78.349506] (-) TimerEvent: {}
[78.451187] (-) TimerEvent: {}
[78.552723] (-) TimerEvent: {}
[78.654185] (-) TimerEvent: {}
[78.755777] (-) TimerEvent: {}
[78.857552] (-) TimerEvent: {}
[78.959184] (-) TimerEvent: {}
[79.060794] (-) TimerEvent: {}
[79.162572] (-) TimerEvent: {}
[79.264337] (-) TimerEvent: {}
[79.366279] (-) TimerEvent: {}
[79.467856] (-) TimerEvent: {}
[79.569423] (-) TimerEvent: {}
[79.671607] (-) TimerEvent: {}
[79.773412] (-) TimerEvent: {}
[79.875226] (-) TimerEvent: {}
[79.977007] (-) TimerEvent: {}
[80.078524] (-) TimerEvent: {}
[80.180080] (-) TimerEvent: {}
[80.281556] (-) TimerEvent: {}
[80.383131] (-) TimerEvent: {}
[80.484682] (-) TimerEvent: {}
[80.586199] (-) TimerEvent: {}
[80.687744] (-) TimerEvent: {}
[80.789343] (-) TimerEvent: {}
[80.891464] (-) TimerEvent: {}
[80.993256] (-) TimerEvent: {}
[81.094895] (-) TimerEvent: {}
[81.196419] (-) TimerEvent: {}
[81.298210] (-) TimerEvent: {}
[81.399816] (-) TimerEvent: {}
[81.501452] (-) TimerEvent: {}
[81.603555] (-) TimerEvent: {}
[81.706192] (-) TimerEvent: {}
[81.807855] (-) TimerEvent: {}
[81.909638] (-) TimerEvent: {}
[82.011264] (-) TimerEvent: {}
[82.112577] (-) TimerEvent: {}
[82.214503] (-) TimerEvent: {}
[82.316187] (-) TimerEvent: {}
[82.418017] (-) TimerEvent: {}
[82.519612] (-) TimerEvent: {}
[82.621195] (-) TimerEvent: {}
[82.722913] (-) TimerEvent: {}
[82.824691] (-) TimerEvent: {}
[82.926345] (-) TimerEvent: {}
[83.027922] (-) TimerEvent: {}
[83.129504] (-) TimerEvent: {}
[83.231168] (-) TimerEvent: {}
[83.332716] (-) TimerEvent: {}
[83.434314] (-) TimerEvent: {}
[83.536016] (-) TimerEvent: {}
[83.637311] (-) TimerEvent: {}
[83.738884] (-) TimerEvent: {}
[83.840454] (-) TimerEvent: {}
[83.942136] (-) TimerEvent: {}
[84.043723] (-) TimerEvent: {}
[84.145598] (-) TimerEvent: {}
[84.247434] (-) TimerEvent: {}
[84.349016] (-) TimerEvent: {}
[84.450984] (-) TimerEvent: {}
[84.552281] (-) TimerEvent: {}
[84.653945] (-) TimerEvent: {}
[84.755749] (-) TimerEvent: {}
[84.857221] (-) TimerEvent: {}
[84.958973] (-) TimerEvent: {}
[85.060637] (-) TimerEvent: {}
[85.162215] (-) TimerEvent: {}
[85.264285] (-) TimerEvent: {}
[85.365949] (-) TimerEvent: {}
[85.467532] (-) TimerEvent: {}
[85.569122] (-) TimerEvent: {}
[85.671025] (-) TimerEvent: {}
[85.772664] (-) TimerEvent: {}
[85.874480] (-) TimerEvent: {}
[85.976147] (-) TimerEvent: {}
[86.077741] (-) TimerEvent: {}
[86.179370] (-) TimerEvent: {}
[86.281000] (-) TimerEvent: {}
[86.382836] (-) TimerEvent: {}
[86.484421] (-) TimerEvent: {}
[86.585961] (-) TimerEvent: {}
[86.687750] (-) TimerEvent: {}
[86.789506] (-) TimerEvent: {}
[86.891332] (-) TimerEvent: {}
[86.992942] (-) TimerEvent: {}
[87.094625] (-) TimerEvent: {}
[87.196342] (-) TimerEvent: {}
[87.298103] (-) TimerEvent: {}
[87.399691] (-) TimerEvent: {}
[87.501243] (-) TimerEvent: {}
[87.602790] (-) TimerEvent: {}
[87.704296] (-) TimerEvent: {}
[87.805711] (-) TimerEvent: {}
[87.907263] (-) TimerEvent: {}
[88.008755] (-) TimerEvent: {}
[88.110062] (-) TimerEvent: {}
[88.211532] (-) TimerEvent: {}
[88.312961] (-) TimerEvent: {}
[88.414357] (-) TimerEvent: {}
[88.515967] (-) TimerEvent: {}
[88.617580] (-) TimerEvent: {}
[88.719147] (-) TimerEvent: {}
[88.820582] (-) TimerEvent: {}
[88.922109] (-) TimerEvent: {}
[89.023861] (-) TimerEvent: {}
[89.125563] (-) TimerEvent: {}
[89.227391] (-) TimerEvent: {}
[89.329028] (-) TimerEvent: {}
[89.430860] (-) TimerEvent: {}
[89.532455] (-) TimerEvent: {}
[89.634231] (-) TimerEvent: {}
[89.735967] (-) TimerEvent: {}
[89.837542] (-) TimerEvent: {}
[89.939258] (-) TimerEvent: {}
[90.040743] (-) TimerEvent: {}
[90.142547] (-) TimerEvent: {}
[90.243898] (-) TimerEvent: {}
[90.362222] (-) TimerEvent: {}
[90.502033] (-) TimerEvent: {}
[91.520737] (-) TimerEvent: {}
[91.622415] (-) TimerEvent: {}
[91.723914] (-) TimerEvent: {}
[91.826160] (-) TimerEvent: {}
[91.927861] (-) TimerEvent: {}
[92.029384] (-) TimerEvent: {}
[92.131235] (-) TimerEvent: {}
[92.232801] (-) TimerEvent: {}
[92.334337] (-) TimerEvent: {}
[92.435927] (-) TimerEvent: {}
[92.537596] (-) TimerEvent: {}
[92.639132] (-) TimerEvent: {}
[92.740840] (-) TimerEvent: {}
[92.842398] (-) TimerEvent: {}
[92.944023] (-) TimerEvent: {}
[93.045770] (-) TimerEvent: {}
[93.147664] (-) TimerEvent: {}
[93.249221] (-) TimerEvent: {}
[93.350943] (-) TimerEvent: {}
[93.452276] (-) TimerEvent: {}
[93.553677] (-) TimerEvent: {}
[93.655232] (-) TimerEvent: {}
[93.756643] (-) TimerEvent: {}
[93.858326] (-) TimerEvent: {}
[93.959888] (-) TimerEvent: {}
[94.061082] (-) TimerEvent: {}
[94.162673] (-) TimerEvent: {}
[94.264251] (-) TimerEvent: {}
[94.366104] (-) TimerEvent: {}
[94.467591] (-) TimerEvent: {}
[94.569019] (-) TimerEvent: {}
[94.670648] (-) TimerEvent: {}
[94.772219] (-) TimerEvent: {}
[94.874053] (-) TimerEvent: {}
[94.975657] (-) TimerEvent: {}
[95.077132] (-) TimerEvent: {}
[95.178777] (-) TimerEvent: {}
[95.280690] (-) TimerEvent: {}
[95.382585] (-) TimerEvent: {}
[95.483978] (-) TimerEvent: {}
[95.586055] (-) TimerEvent: {}
[95.687921] (-) TimerEvent: {}
[95.789648] (-) TimerEvent: {}
[95.891427] (-) TimerEvent: {}
[95.993261] (-) TimerEvent: {}
[96.095242] (-) TimerEvent: {}
[96.196893] (-) TimerEvent: {}
[96.298546] (-) TimerEvent: {}
[96.400239] (-) TimerEvent: {}
[96.502074] (-) TimerEvent: {}
[96.603801] (-) TimerEvent: {}
[96.705422] (-) TimerEvent: {}
[96.807010] (-) TimerEvent: {}
[96.908416] (-) TimerEvent: {}
[97.010074] (-) TimerEvent: {}
[97.111659] (-) TimerEvent: {}
[97.213268] (-) TimerEvent: {}
[97.314823] (-) TimerEvent: {}
[97.416191] (-) TimerEvent: {}
[97.518318] (-) TimerEvent: {}
[97.619890] (-) TimerEvent: {}
[97.721453] (-) TimerEvent: {}
[97.823160] (-) TimerEvent: {}
[97.926014] (-) TimerEvent: {}
[98.027532] (-) TimerEvent: {}
[98.129055] (-) TimerEvent: {}
[98.230649] (-) TimerEvent: {}
[98.332162] (-) TimerEvent: {}
[98.433730] (-) TimerEvent: {}
[98.535459] (-) TimerEvent: {}
[98.637089] (-) TimerEvent: {}
[98.738630] (-) TimerEvent: {}
[98.840139] (-) TimerEvent: {}
[98.941706] (-) TimerEvent: {}
[99.043269] (-) TimerEvent: {}
[99.144867] (-) TimerEvent: {}
[99.246458] (-) TimerEvent: {}
[99.348064] (-) TimerEvent: {}
[99.449825] (-) TimerEvent: {}
[99.551413] (-) TimerEvent: {}
[99.653063] (-) TimerEvent: {}
[99.754633] (-) TimerEvent: {}
[99.856187] (-) TimerEvent: {}
[99.957713] (-) TimerEvent: {}
[100.059107] (-) TimerEvent: {}
[100.162005] (-) TimerEvent: {}
[100.265492] (-) TimerEvent: {}
[100.368747] (-) TimerEvent: {}
[100.470687] (-) TimerEvent: {}
[100.572413] (-) TimerEvent: {}
[100.674204] (-) TimerEvent: {}
[100.775873] (-) TimerEvent: {}
[100.877751] (-) TimerEvent: {}
[100.979568] (-) TimerEvent: {}
[101.081496] (-) TimerEvent: {}
[101.183369] (-) TimerEvent: {}
[101.285096] (-) TimerEvent: {}
[101.386992] (-) TimerEvent: {}
[101.488568] (-) TimerEvent: {}
[101.590378] (-) TimerEvent: {}
[101.692002] (-) TimerEvent: {}
[101.793503] (-) TimerEvent: {}
[101.895137] (-) TimerEvent: {}
[101.996713] (-) TimerEvent: {}
[102.098342] (-) TimerEvent: {}
[102.199759] (-) TimerEvent: {}
[102.301037] (-) TimerEvent: {}
[102.402887] (-) TimerEvent: {}
[102.504383] (-) TimerEvent: {}
[102.606307] (-) TimerEvent: {}
[102.707733] (-) TimerEvent: {}
[102.809214] (-) TimerEvent: {}
[102.911018] (-) TimerEvent: {}
[103.025480] (-) TimerEvent: {}
[103.127107] (-) TimerEvent: {}
[103.229095] (-) TimerEvent: {}
[103.330723] (-) TimerEvent: {}
[103.439835] (-) TimerEvent: {}
[103.554808] (-) TimerEvent: {}
[103.656294] (-) TimerEvent: {}
[103.757935] (-) TimerEvent: {}
[103.859354] (-) TimerEvent: {}
[103.960788] (-) TimerEvent: {}
[104.062350] (-) TimerEvent: {}
[104.163878] (-) TimerEvent: {}
[104.265535] (-) TimerEvent: {}
[104.367010] (-) TimerEvent: {}
[104.468525] (-) TimerEvent: {}
[104.569948] (-) TimerEvent: {}
[104.671873] (-) TimerEvent: {}
[104.774524] (-) TimerEvent: {}
[104.876350] (-) TimerEvent: {}
[104.977929] (-) TimerEvent: {}
[105.079669] (-) TimerEvent: {}
[105.181411] (-) TimerEvent: {}
[105.282907] (-) TimerEvent: {}
[105.384557] (-) TimerEvent: {}
[105.486095] (-) TimerEvent: {}
[105.587546] (-) TimerEvent: {}
[105.689057] (-) TimerEvent: {}
[105.790578] (-) TimerEvent: {}
[105.892181] (-) TimerEvent: {}
[105.993775] (-) TimerEvent: {}
[106.095254] (-) TimerEvent: {}
[106.196750] (-) TimerEvent: {}
[106.298861] (-) TimerEvent: {}
[106.400671] (-) TimerEvent: {}
[106.502375] (-) TimerEvent: {}
[106.603793] (-) TimerEvent: {}
[106.705349] (-) TimerEvent: {}
[106.806984] (-) TimerEvent: {}
[106.908447] (-) TimerEvent: {}
[107.010002] (-) TimerEvent: {}
[107.111694] (-) TimerEvent: {}
[107.213190] (-) TimerEvent: {}
[107.314702] (-) TimerEvent: {}
[107.416213] (-) TimerEvent: {}
[107.518193] (-) TimerEvent: {}
[107.619717] (-) TimerEvent: {}
[107.721134] (-) TimerEvent: {}
[107.822595] (-) TimerEvent: {}
[107.924921] (-) TimerEvent: {}
[108.027997] (-) TimerEvent: {}
[108.129463] (-) TimerEvent: {}
[108.231087] (-) TimerEvent: {}
[108.332778] (-) TimerEvent: {}
[108.434332] (-) TimerEvent: {}
[108.536051] (-) TimerEvent: {}
[108.637681] (-) TimerEvent: {}
[108.739527] (-) TimerEvent: {}
[108.841055] (-) TimerEvent: {}
[108.943004] (-) TimerEvent: {}
[109.044797] (-) TimerEvent: {}
[109.146317] (-) TimerEvent: {}
[109.247986] (-) TimerEvent: {}
[109.349423] (-) TimerEvent: {}
[109.451198] (-) TimerEvent: {}
[109.552896] (-) TimerEvent: {}
[109.654525] (-) TimerEvent: {}
[109.755997] (-) TimerEvent: {}
[109.857684] (-) TimerEvent: {}
[109.959467] (-) TimerEvent: {}
[110.061217] (-) TimerEvent: {}
[110.162945] (-) TimerEvent: {}
[110.264367] (-) TimerEvent: {}
[110.365932] (-) TimerEvent: {}
[110.467412] (-) TimerEvent: {}
[110.568878] (-) TimerEvent: {}
[110.670407] (-) TimerEvent: {}
[110.771953] (-) TimerEvent: {}
[110.873472] (-) TimerEvent: {}
[110.975040] (-) TimerEvent: {}
[111.076509] (-) TimerEvent: {}
[111.178131] (-) TimerEvent: {}
[111.279594] (-) TimerEvent: {}
[111.381028] (-) TimerEvent: {}
[111.482610] (-) TimerEvent: {}
[111.584021] (-) TimerEvent: {}
[111.685402] (-) TimerEvent: {}
[111.787012] (-) TimerEvent: {}
[111.888334] (-) TimerEvent: {}
[111.989710] (-) TimerEvent: {}
[112.091138] (-) TimerEvent: {}
[112.192669] (-) TimerEvent: {}
[112.294273] (-) TimerEvent: {}
[112.395939] (-) TimerEvent: {}
[112.497447] (-) TimerEvent: {}
[112.599005] (-) TimerEvent: {}
[112.700580] (-) TimerEvent: {}
[112.802089] (-) TimerEvent: {}
[112.903538] (-) TimerEvent: {}
[113.005133] (-) TimerEvent: {}
[113.106798] (-) TimerEvent: {}
[113.208192] (-) TimerEvent: {}
[113.309497] (-) TimerEvent: {}
[113.411218] (-) TimerEvent: {}
[113.512709] (-) TimerEvent: {}
[113.614163] (-) TimerEvent: {}
[113.715643] (-) TimerEvent: {}
[113.817204] (-) TimerEvent: {}
[113.918633] (-) TimerEvent: {}
[114.019986] (-) TimerEvent: {}
[114.121289] (-) TimerEvent: {}
[114.222728] (-) TimerEvent: {}
[114.324168] (-) TimerEvent: {}
[114.426003] (-) TimerEvent: {}
[114.527405] (-) TimerEvent: {}
[114.629082] (-) TimerEvent: {}
[114.730706] (-) TimerEvent: {}
[114.832204] (-) TimerEvent: {}
[114.933571] (-) TimerEvent: {}
[115.035311] (-) TimerEvent: {}
[115.136939] (-) TimerEvent: {}
[115.238569] (-) TimerEvent: {}
[115.339992] (-) TimerEvent: {}
[115.441444] (-) TimerEvent: {}
[115.543026] (-) TimerEvent: {}
[115.644891] (-) TimerEvent: {}
[115.746347] (-) TimerEvent: {}
[115.847862] (-) TimerEvent: {}
[115.949292] (-) TimerEvent: {}
[116.050789] (-) TimerEvent: {}
[116.152687] (-) TimerEvent: {}
[116.254259] (-) TimerEvent: {}
[116.355810] (-) TimerEvent: {}
[116.457546] (-) TimerEvent: {}
[116.834085] (-) TimerEvent: {}
[116.935626] (-) TimerEvent: {}
[117.037208] (-) TimerEvent: {}
[117.138913] (-) TimerEvent: {}
[117.240279] (-) TimerEvent: {}
[117.341742] (-) TimerEvent: {}
[117.443659] (-) TimerEvent: {}
[117.545194] (-) TimerEvent: {}
[117.646896] (-) TimerEvent: {}
[117.748294] (-) TimerEvent: {}
[117.849675] (-) TimerEvent: {}
[117.951382] (-) TimerEvent: {}
[118.053243] (-) TimerEvent: {}
[118.155029] (-) TimerEvent: {}
[118.256563] (-) TimerEvent: {}
[118.358038] (-) TimerEvent: {}
[118.459545] (-) TimerEvent: {}
[118.561065] (-) TimerEvent: {}
[118.662596] (-) TimerEvent: {}
[118.764119] (-) TimerEvent: {}
[118.865602] (-) TimerEvent: {}
[118.967193] (-) TimerEvent: {}
[119.068661] (-) TimerEvent: {}
[119.170526] (-) TimerEvent: {}
[119.272509] (-) TimerEvent: {}
[119.374316] (-) TimerEvent: {}
[119.476071] (-) TimerEvent: {}
[119.577780] (-) TimerEvent: {}
[119.679814] (-) TimerEvent: {}
[119.781232] (-) TimerEvent: {}
[119.882991] (-) TimerEvent: {}
[119.984518] (-) TimerEvent: {}
[120.086449] (-) TimerEvent: {}
[120.187961] (-) TimerEvent: {}
[120.289496] (-) TimerEvent: {}
[120.391069] (-) TimerEvent: {}
[120.492600] (-) TimerEvent: {}
[120.594288] (-) TimerEvent: {}
[120.695817] (-) TimerEvent: {}
[120.797388] (-) TimerEvent: {}
[120.898913] (-) TimerEvent: {}
[121.000414] (-) TimerEvent: {}
[121.101994] (-) TimerEvent: {}
[121.203238] (-) TimerEvent: {}
[121.304778] (-) TimerEvent: {}
[121.406395] (-) TimerEvent: {}
[121.507974] (-) TimerEvent: {}
[121.609537] (-) TimerEvent: {}
[121.721140] (-) TimerEvent: {}
[121.843678] (-) TimerEvent: {}
[121.945077] (-) TimerEvent: {}
[122.046584] (-) TimerEvent: {}
[122.148119] (-) TimerEvent: {}
[122.249638] (-) TimerEvent: {}
[122.351326] (-) TimerEvent: {}
[122.452692] (-) TimerEvent: {}
[122.554592] (-) TimerEvent: {}
[122.655897] (-) TimerEvent: {}
[122.757344] (-) TimerEvent: {}
[122.858944] (-) TimerEvent: {}
[122.960319] (-) TimerEvent: {}
[123.061870] (-) TimerEvent: {}
[123.165444] (-) TimerEvent: {}
[123.269270] (-) TimerEvent: {}
[123.370876] (-) TimerEvent: {}
[123.472422] (-) TimerEvent: {}
[123.574201] (-) TimerEvent: {}
[123.675462] (-) TimerEvent: {}
[123.777022] (-) TimerEvent: {}
[123.878550] (-) TimerEvent: {}
[123.980041] (-) TimerEvent: {}
[124.081614] (-) TimerEvent: {}
[124.183111] (-) TimerEvent: {}
[124.284279] (-) TimerEvent: {}
[124.385708] (-) TimerEvent: {}
[124.487214] (-) TimerEvent: {}
[124.588579] (-) TimerEvent: {}
[124.690961] (-) TimerEvent: {}
[124.793230] (-) TimerEvent: {}
[124.896046] (-) TimerEvent: {}
[124.997655] (-) TimerEvent: {}
[125.099218] (-) TimerEvent: {}
[125.200610] (-) TimerEvent: {}
[125.302516] (-) TimerEvent: {}
[125.404087] (-) TimerEvent: {}
[125.505619] (-) TimerEvent: {}
[125.607137] (-) TimerEvent: {}
[125.708486] (-) TimerEvent: {}
[125.809705] (-) TimerEvent: {}
[125.911139] (-) TimerEvent: {}
[126.012439] (-) TimerEvent: {}
[126.113648] (-) TimerEvent: {}
[126.215191] (-) TimerEvent: {}
[126.316722] (-) TimerEvent: {}
[126.418234] (-) TimerEvent: {}
[126.519845] (-) TimerEvent: {}
[126.621267] (-) TimerEvent: {}
[126.722756] (-) TimerEvent: {}
[126.824276] (-) TimerEvent: {}
[126.926091] (-) TimerEvent: {}
[127.028130] (-) TimerEvent: {}
[127.129662] (-) TimerEvent: {}
[127.231194] (-) TimerEvent: {}
[127.332612] (-) TimerEvent: {}
[127.434728] (-) TimerEvent: {}
[127.536628] (-) TimerEvent: {}
[127.639088] (-) TimerEvent: {}
[127.741617] (-) TimerEvent: {}
[127.842814] (-) TimerEvent: {}
[127.944434] (-) TimerEvent: {}
[128.046339] (-) TimerEvent: {}
[128.148112] (-) TimerEvent: {}
[128.249953] (-) TimerEvent: {}
[128.351680] (-) TimerEvent: {}
[128.453420] (-) TimerEvent: {}
[128.554872] (-) TimerEvent: {}
[128.656483] (-) TimerEvent: {}
[128.758162] (-) TimerEvent: {}
[128.859694] (-) TimerEvent: {}
[128.961235] (-) TimerEvent: {}
[129.062754] (-) TimerEvent: {}
[129.164274] (-) TimerEvent: {}
[129.265701] (-) TimerEvent: {}
[129.367159] (-) TimerEvent: {}
[129.468716] (-) TimerEvent: {}
[129.570182] (-) TimerEvent: {}
[129.671565] (-) TimerEvent: {}
[129.772946] (-) TimerEvent: {}
[129.874269] (-) TimerEvent: {}
[129.975735] (-) TimerEvent: {}
[130.077158] (-) TimerEvent: {}
[130.178804] (-) TimerEvent: {}
[130.280285] (-) TimerEvent: {}
[130.381712] (-) TimerEvent: {}
[130.483284] (-) TimerEvent: {}
[130.584607] (-) TimerEvent: {}
[130.686353] (-) TimerEvent: {}
[130.787800] (-) TimerEvent: {}
[130.889324] (-) TimerEvent: {}
[130.990848] (-) TimerEvent: {}
[131.092360] (-) TimerEvent: {}
[131.193769] (-) TimerEvent: {}
[131.295448] (-) TimerEvent: {}
[131.397003] (-) TimerEvent: {}
[131.498565] (-) TimerEvent: {}
[131.599949] (-) TimerEvent: {}
[131.701192] (-) TimerEvent: {}
[131.802596] (-) TimerEvent: {}
[131.904155] (-) TimerEvent: {}
[132.005492] (-) TimerEvent: {}
[132.107043] (-) TimerEvent: {}
[132.208511] (-) TimerEvent: {}
[132.310095] (-) TimerEvent: {}
[132.411601] (-) TimerEvent: {}
[132.512945] (-) TimerEvent: {}
[132.614247] (-) TimerEvent: {}
[132.715594] (-) TimerEvent: {}
[132.817538] (-) TimerEvent: {}
[132.919225] (-) TimerEvent: {}
[133.021084] (-) TimerEvent: {}
[133.122754] (-) TimerEvent: {}
[133.224269] (-) TimerEvent: {}
[133.325960] (-) TimerEvent: {}
[133.427614] (-) TimerEvent: {}
[133.529221] (-) TimerEvent: {}
[133.631021] (-) TimerEvent: {}
[133.732954] (-) TimerEvent: {}
[133.834167] (-) TimerEvent: {}
[133.935757] (-) TimerEvent: {}
[134.037506] (-) TimerEvent: {}
[134.139159] (-) TimerEvent: {}
[134.240745] (-) TimerEvent: {}
[134.342270] (-) TimerEvent: {}
[134.443812] (-) TimerEvent: {}
[134.545207] (-) TimerEvent: {}
[134.646808] (-) TimerEvent: {}
[134.748203] (-) TimerEvent: {}
[134.849570] (-) TimerEvent: {}
[134.951103] (-) TimerEvent: {}
[135.052498] (-) TimerEvent: {}
[135.154112] (-) TimerEvent: {}
[135.255437] (-) TimerEvent: {}
[135.356684] (-) TimerEvent: {}
[135.458010] (-) TimerEvent: {}
[135.560323] (-) TimerEvent: {}
[135.663454] (-) TimerEvent: {}
[135.764874] (-) TimerEvent: {}
[135.866330] (-) TimerEvent: {}
[135.967752] (-) TimerEvent: {}
[136.068966] (-) TimerEvent: {}
[136.170551] (-) TimerEvent: {}
[136.271848] (-) TimerEvent: {}
[136.373191] (-) TimerEvent: {}
[136.474861] (-) TimerEvent: {}
[136.576142] (-) TimerEvent: {}
[136.677485] (-) TimerEvent: {}
[136.778837] (-) TimerEvent: {}
[136.880149] (-) TimerEvent: {}
[136.981541] (-) TimerEvent: {}
[137.083225] (-) TimerEvent: {}
[137.184630] (-) TimerEvent: {}
[137.285844] (-) TimerEvent: {}
[137.387432] (-) TimerEvent: {}
[137.488775] (-) TimerEvent: {}
[137.590063] (-) TimerEvent: {}
[137.691357] (-) TimerEvent: {}
[137.792772] (-) TimerEvent: {}
[137.894184] (-) TimerEvent: {}
[137.995650] (-) TimerEvent: {}
[138.097134] (-) TimerEvent: {}
[138.198571] (-) TimerEvent: {}
[138.299862] (-) TimerEvent: {}
[138.401185] (-) TimerEvent: {}
[138.503096] (-) TimerEvent: {}
[138.604452] (-) TimerEvent: {}
[138.705975] (-) TimerEvent: {}
[138.807415] (-) TimerEvent: {}
[138.908917] (-) TimerEvent: {}
[139.010538] (-) TimerEvent: {}
[139.112000] (-) TimerEvent: {}
[139.455857] (-) TimerEvent: {}
[139.557336] (-) TimerEvent: {}
[139.658786] (-) TimerEvent: {}
[139.760100] (-) TimerEvent: {}
[139.861492] (-) TimerEvent: {}
[139.963059] (-) TimerEvent: {}
[140.064737] (-) TimerEvent: {}
[140.166197] (-) TimerEvent: {}
[140.267579] (-) TimerEvent: {}
[140.369002] (-) TimerEvent: {}
[140.470568] (-) TimerEvent: {}
[140.572134] (-) TimerEvent: {}
[140.673379] (-) TimerEvent: {}
[140.775207] (-) TimerEvent: {}
[140.877028] (-) TimerEvent: {}
[140.978678] (-) TimerEvent: {}
[141.080136] (-) TimerEvent: {}
[141.181337] (-) TimerEvent: {}
[141.283023] (-) TimerEvent: {}
[141.385192] (-) TimerEvent: {}
[141.487001] (-) TimerEvent: {}
[141.588662] (-) TimerEvent: {}
[141.690284] (-) TimerEvent: {}
[141.791722] (-) TimerEvent: {}
[141.893196] (-) TimerEvent: {}
[141.994579] (-) TimerEvent: {}
[142.096388] (-) TimerEvent: {}
[142.197809] (-) TimerEvent: {}
[142.299276] (-) TimerEvent: {}
[142.400667] (-) TimerEvent: {}
[142.502058] (-) TimerEvent: {}
[142.603361] (-) TimerEvent: {}
[142.704667] (-) TimerEvent: {}
[142.806038] (-) TimerEvent: {}
[142.907620] (-) TimerEvent: {}
[143.009026] (-) TimerEvent: {}
[143.110317] (-) TimerEvent: {}
[143.211708] (-) TimerEvent: {}
[143.312947] (-) TimerEvent: {}
[143.414349] (-) TimerEvent: {}
[143.515683] (-) TimerEvent: {}
[143.617093] (-) TimerEvent: {}
[143.718465] (-) TimerEvent: {}
[143.819658] (-) TimerEvent: {}
[143.921105] (-) TimerEvent: {}
[144.022566] (-) TimerEvent: {}
[144.124229] (-) TimerEvent: {}
[144.225654] (-) TimerEvent: {}
[144.327212] (-) TimerEvent: {}
[144.428620] (-) TimerEvent: {}
[144.530215] (-) TimerEvent: {}
[144.631688] (-) TimerEvent: {}
[144.733315] (-) TimerEvent: {}
[144.834629] (-) TimerEvent: {}
[144.935899] (-) TimerEvent: {}
[145.037369] (-) TimerEvent: {}
[145.138939] (-) TimerEvent: {}
[145.240071] (-) TimerEvent: {}
[145.341505] (-) TimerEvent: {}
[145.443158] (-) TimerEvent: {}
[145.544678] (-) TimerEvent: {}
[145.646026] (-) TimerEvent: {}
[145.747768] (-) TimerEvent: {}
[145.849556] (-) TimerEvent: {}
[145.951600] (-) TimerEvent: {}
[146.053351] (-) TimerEvent: {}
[146.155103] (-) TimerEvent: {}
[146.256509] (-) TimerEvent: {}
[146.358236] (-) TimerEvent: {}
[146.459694] (-) TimerEvent: {}
[146.560798] (-) TimerEvent: {}
[146.661928] (-) TimerEvent: {}
[146.763009] (-) TimerEvent: {}
[146.864289] (-) TimerEvent: {}
[146.965656] (-) TimerEvent: {}
[147.067247] (-) TimerEvent: {}
[147.168406] (-) TimerEvent: {}
[147.269655] (-) TimerEvent: {}
[147.370955] (-) TimerEvent: {}
[147.472084] (-) TimerEvent: {}
[147.573353] (-) TimerEvent: {}
[147.674710] (-) TimerEvent: {}
[147.775840] (-) TimerEvent: {}
[147.877082] (-) TimerEvent: {}
[147.978320] (-) TimerEvent: {}
[148.079654] (-) TimerEvent: {}
[148.180734] (-) TimerEvent: {}
[148.282118] (-) TimerEvent: {}
[148.383573] (-) TimerEvent: {}
[148.485184] (-) TimerEvent: {}
[148.587213] (-) TimerEvent: {}
[148.688329] (-) TimerEvent: {}
[148.789677] (-) TimerEvent: {}
[148.890834] (-) TimerEvent: {}
[148.991982] (-) TimerEvent: {}
[149.093132] (-) TimerEvent: {}
[149.194208] (-) TimerEvent: {}
[149.295382] (-) TimerEvent: {}
[149.396675] (-) TimerEvent: {}
[149.497803] (-) TimerEvent: {}
[149.599055] (-) TimerEvent: {}
[149.700454] (-) TimerEvent: {}
[149.801944] (-) TimerEvent: {}
[149.903486] (-) TimerEvent: {}
[150.004870] (-) TimerEvent: {}
[150.106015] (-) TimerEvent: {}
[150.207489] (-) TimerEvent: {}
[150.308864] (-) TimerEvent: {}
[150.410156] (-) TimerEvent: {}
[150.512990] (-) TimerEvent: {}
[150.615982] (-) TimerEvent: {}
[150.717790] (-) TimerEvent: {}
[150.819671] (-) TimerEvent: {}
[150.921008] (-) TimerEvent: {}
[151.022878] (-) TimerEvent: {}
[151.124362] (-) TimerEvent: {}
[151.226060] (-) TimerEvent: {}
[151.327510] (-) TimerEvent: {}
[151.429399] (-) TimerEvent: {}
[151.530906] (-) TimerEvent: {}
[151.632481] (-) TimerEvent: {}
[151.733828] (-) TimerEvent: {}
[151.844651] (-) TimerEvent: {}
[151.983586] (-) TimerEvent: {}
[152.085069] (-) TimerEvent: {}
[152.187125] (-) TimerEvent: {}
[152.289038] (-) TimerEvent: {}
[152.390903] (-) TimerEvent: {}
[152.492896] (-) TimerEvent: {}
[152.594259] (-) TimerEvent: {}
[152.695983] (-) TimerEvent: {}
[152.797350] (-) TimerEvent: {}
[152.898888] (-) TimerEvent: {}
[153.000252] (-) TimerEvent: {}
[153.101707] (-) TimerEvent: {}
[153.203100] (-) TimerEvent: {}
[153.304634] (-) TimerEvent: {}
[153.406065] (-) TimerEvent: {}
[153.507345] (-) TimerEvent: {}
[153.608694] (-) TimerEvent: {}
[153.710554] (-) TimerEvent: {}
[153.812199] (-) TimerEvent: {}
[153.913734] (-) TimerEvent: {}
[154.015266] (-) TimerEvent: {}
[154.116815] (-) TimerEvent: {}
[154.218225] (-) TimerEvent: {}
[154.319743] (-) TimerEvent: {}
[154.421132] (-) TimerEvent: {}
[154.522687] (-) TimerEvent: {}
[154.624113] (-) TimerEvent: {}
[154.725419] (-) TimerEvent: {}
[154.826904] (-) TimerEvent: {}
[154.928337] (-) TimerEvent: {}
[155.030159] (-) TimerEvent: {}
[155.202268] (-) TimerEvent: {}
[155.308226] (-) TimerEvent: {}
[155.409541] (-) TimerEvent: {}
[155.511006] (-) TimerEvent: {}
[155.612263] (-) TimerEvent: {}
[155.713660] (-) TimerEvent: {}
[155.815224] (-) TimerEvent: {}
[155.916614] (-) TimerEvent: {}
[156.018192] (-) TimerEvent: {}
[156.119535] (-) TimerEvent: {}
[156.220951] (-) TimerEvent: {}
[156.322277] (-) TimerEvent: {}
[156.423591] (-) TimerEvent: {}
[156.525439] (-) TimerEvent: {}
[156.627324] (-) TimerEvent: {}
[156.728981] (-) TimerEvent: {}
[156.830451] (-) TimerEvent: {}
[156.931802] (-) TimerEvent: {}
[157.033140] (-) TimerEvent: {}
[157.134454] (-) TimerEvent: {}
[157.235702] (-) TimerEvent: {}
[157.337211] (-) TimerEvent: {}
[157.438539] (-) TimerEvent: {}
[157.539997] (-) TimerEvent: {}
[157.641530] (-) TimerEvent: {}
[157.743320] (-) TimerEvent: {}
[157.844701] (-) TimerEvent: {}
[157.946400] (-) TimerEvent: {}
[158.047719] (-) TimerEvent: {}
[158.149188] (-) TimerEvent: {}
[158.250673] (-) TimerEvent: {}
[158.352180] (-) TimerEvent: {}
[158.453477] (-) TimerEvent: {}
[158.554864] (-) TimerEvent: {}
[158.656306] (-) TimerEvent: {}
[158.757558] (-) TimerEvent: {}
[158.858982] (-) TimerEvent: {}
[158.960735] (-) TimerEvent: {}
[159.062569] (-) TimerEvent: {}
[159.164079] (-) TimerEvent: {}
[159.265490] (-) TimerEvent: {}
[159.366975] (-) TimerEvent: {}
[159.468320] (-) TimerEvent: {}
[159.569654] (-) TimerEvent: {}
[159.670879] (-) TimerEvent: {}
[159.772627] (-) TimerEvent: {}
[159.874393] (-) TimerEvent: {}
[159.976444] (-) TimerEvent: {}
[160.078353] (-) TimerEvent: {}
[160.179982] (-) TimerEvent: {}
[160.281338] (-) TimerEvent: {}
[160.750609] (-) TimerEvent: {}
[160.852301] (-) TimerEvent: {}
[160.953700] (-) TimerEvent: {}
[161.055233] (-) TimerEvent: {}
[161.156506] (-) TimerEvent: {}
[161.258011] (-) TimerEvent: {}
[161.359366] (-) TimerEvent: {}
[161.460699] (-) TimerEvent: {}
[161.562049] (-) TimerEvent: {}
[161.663502] (-) TimerEvent: {}
[161.764858] (-) TimerEvent: {}
[161.866285] (-) TimerEvent: {}
[161.967637] (-) TimerEvent: {}
[162.068996] (-) TimerEvent: {}
[162.170289] (-) TimerEvent: {}
[162.271725] (-) TimerEvent: {}
[162.373075] (-) TimerEvent: {}
[162.474617] (-) TimerEvent: {}
[162.575975] (-) TimerEvent: {}
[162.677247] (-) TimerEvent: {}
[162.778825] (-) TimerEvent: {}
[162.881603] (-) TimerEvent: {}
[162.984573] (-) TimerEvent: {}
[163.086260] (-) TimerEvent: {}
[163.187987] (-) TimerEvent: {}
[163.289647] (-) TimerEvent: {}
[163.390946] (-) TimerEvent: {}
[163.492214] (-) TimerEvent: {}
[163.593779] (-) TimerEvent: {}
[163.695246] (-) TimerEvent: {}
[163.796705] (-) TimerEvent: {}
[163.898135] (-) TimerEvent: {}
[163.999802] (-) TimerEvent: {}
[164.101273] (-) TimerEvent: {}
[164.202866] (-) TimerEvent: {}
[164.304372] (-) TimerEvent: {}
[164.405833] (-) TimerEvent: {}
[164.507691] (-) TimerEvent: {}
[164.609397] (-) TimerEvent: {}
[164.710599] (-) TimerEvent: {}
[164.811976] (-) TimerEvent: {}
[164.913555] (-) TimerEvent: {}
[165.015297] (-) TimerEvent: {}
[165.116544] (-) TimerEvent: {}
[165.217923] (-) TimerEvent: {}
[165.319239] (-) TimerEvent: {}
[165.420762] (-) TimerEvent: {}
[165.522077] (-) TimerEvent: {}
[165.623246] (-) TimerEvent: {}
[165.724496] (-) TimerEvent: {}
[165.825644] (-) TimerEvent: {}
[165.926994] (-) TimerEvent: {}
[166.028372] (-) TimerEvent: {}
[166.129777] (-) TimerEvent: {}
[166.231637] (-) TimerEvent: {}
[166.334282] (-) TimerEvent: {}
[166.436012] (-) TimerEvent: {}
[166.537658] (-) TimerEvent: {}
[166.639464] (-) TimerEvent: {}
[166.741157] (-) TimerEvent: {}
[166.842778] (-) TimerEvent: {}
[166.944340] (-) TimerEvent: {}
[167.045577] (-) TimerEvent: {}
[167.146836] (-) TimerEvent: {}
[167.248064] (-) TimerEvent: {}
[167.349281] (-) TimerEvent: {}
[167.450699] (-) TimerEvent: {}
[167.552449] (-) TimerEvent: {}
[167.654154] (-) TimerEvent: {}
[167.755311] (-) TimerEvent: {}
[167.856504] (-) TimerEvent: {}
[167.957617] (-) TimerEvent: {}
[168.059048] (-) TimerEvent: {}
[168.160525] (-) TimerEvent: {}
[168.261981] (-) TimerEvent: {}
[168.363842] (-) TimerEvent: {}
[168.465615] (-) TimerEvent: {}
[168.567411] (-) TimerEvent: {}
[168.669270] (-) TimerEvent: {}
[168.771080] (-) TimerEvent: {}
[168.872578] (-) TimerEvent: {}
[168.974053] (-) TimerEvent: {}
[169.075321] (-) TimerEvent: {}
[169.177375] (-) TimerEvent: {}
[169.278995] (-) TimerEvent: {}
[169.380206] (-) TimerEvent: {}
[169.481339] (-) TimerEvent: {}
[169.582697] (-) TimerEvent: {}
[169.684071] (-) TimerEvent: {}
[169.785258] (-) TimerEvent: {}
[169.886589] (-) TimerEvent: {}
[169.988087] (-) TimerEvent: {}
[170.089388] (-) TimerEvent: {}
[170.190608] (-) TimerEvent: {}
[170.291748] (-) TimerEvent: {}
[170.392960] (-) TimerEvent: {}
[170.494513] (-) TimerEvent: {}
[170.596242] (-) TimerEvent: {}
[170.697515] (-) TimerEvent: {}
[170.798781] (-) TimerEvent: {}
[170.899972] (-) TimerEvent: {}
[171.001144] (-) TimerEvent: {}
[171.102380] (-) TimerEvent: {}
[171.203570] (-) TimerEvent: {}
[171.304804] (-) TimerEvent: {}
[171.406214] (-) TimerEvent: {}
[171.507505] (-) TimerEvent: {}
[171.608754] (-) TimerEvent: {}
[171.709987] (-) TimerEvent: {}
[171.811129] (-) TimerEvent: {}
[171.912289] (-) TimerEvent: {}
[172.013441] (-) TimerEvent: {}
[172.114711] (-) TimerEvent: {}
[172.216050] (-) TimerEvent: {}
[172.317284] (-) TimerEvent: {}
[172.418455] (-) TimerEvent: {}
[172.519545] (-) TimerEvent: {}
[172.620709] (-) TimerEvent: {}
[172.721948] (-) TimerEvent: {}
[172.823528] (-) TimerEvent: {}
[172.925190] (-) TimerEvent: {}
[173.026730] (-) TimerEvent: {}
[173.127984] (-) TimerEvent: {}
[173.229675] (-) TimerEvent: {}
[173.331194] (-) TimerEvent: {}
[173.432669] (-) TimerEvent: {}
[173.534291] (-) TimerEvent: {}
[173.635543] (-) TimerEvent: {}
[173.737068] (-) TimerEvent: {}
[173.838654] (-) TimerEvent: {}
[173.940074] (-) TimerEvent: {}
[174.041387] (-) TimerEvent: {}
[174.142800] (-) TimerEvent: {}
[174.244241] (-) TimerEvent: {}
[174.345533] (-) TimerEvent: {}
[174.446771] (-) TimerEvent: {}
[174.548236] (-) TimerEvent: {}
[174.649371] (-) TimerEvent: {}
[174.750835] (-) TimerEvent: {}
[174.852067] (-) TimerEvent: {}
[174.953499] (-) TimerEvent: {}
[175.054788] (-) TimerEvent: {}
[175.156116] (-) TimerEvent: {}
[175.257545] (-) TimerEvent: {}
[175.358805] (-) TimerEvent: {}
[175.463547] (-) TimerEvent: {}
[175.564818] (-) TimerEvent: {}
[175.666308] (-) TimerEvent: {}
[175.767484] (-) TimerEvent: {}
[175.868669] (-) TimerEvent: {}
[175.969822] (-) TimerEvent: {}
[176.071135] (-) TimerEvent: {}
[176.172430] (-) TimerEvent: {}
[176.273848] (-) TimerEvent: {}
[176.375548] (-) TimerEvent: {}
[176.477097] (-) TimerEvent: {}
[176.594156] (-) TimerEvent: {}
[176.695430] (-) TimerEvent: {}
[176.796716] (-) TimerEvent: {}
[176.898080] (-) TimerEvent: {}
[176.999332] (-) TimerEvent: {}
[177.100586] (-) TimerEvent: {}
[177.202133] (-) TimerEvent: {}
[177.304133] (-) TimerEvent: {}
[177.405593] (-) TimerEvent: {}
[177.507136] (-) TimerEvent: {}
[177.608512] (-) TimerEvent: {}
[177.710140] (-) TimerEvent: {}
[177.811470] (-) TimerEvent: {}
[177.913327] (-) TimerEvent: {}
[178.015694] (-) TimerEvent: {}
[178.117472] (-) TimerEvent: {}
[178.219136] (-) TimerEvent: {}
[178.320747] (-) TimerEvent: {}
[178.422409] (-) TimerEvent: {}
[178.523624] (-) TimerEvent: {}
[178.624972] (-) TimerEvent: {}
[178.726197] (-) TimerEvent: {}
[178.827419] (-) TimerEvent: {}
[178.928639] (-) TimerEvent: {}
[179.029955] (-) TimerEvent: {}
[179.131236] (-) TimerEvent: {}
[179.232812] (-) TimerEvent: {}
[179.334032] (-) TimerEvent: {}
[179.435276] (-) TimerEvent: {}
[179.536577] (-) TimerEvent: {}
[179.637915] (-) TimerEvent: {}
[179.739405] (-) TimerEvent: {}
[179.841015] (-) TimerEvent: {}
[179.942363] (-) TimerEvent: {}
[180.043638] (-) TimerEvent: {}
[180.145746] (-) TimerEvent: {}
[180.247324] (-) TimerEvent: {}
[180.348474] (-) TimerEvent: {}
[180.449751] (-) TimerEvent: {}
[180.551249] (-) TimerEvent: {}
[180.652521] (-) TimerEvent: {}
[180.753758] (-) TimerEvent: {}
[180.857139] (-) TimerEvent: {}
[180.959156] (-) TimerEvent: {}
[181.060402] (-) TimerEvent: {}
[181.161650] (-) TimerEvent: {}
[181.262952] (-) TimerEvent: {}
[181.364391] (-) TimerEvent: {}
[181.466483] (-) TimerEvent: {}
[181.567743] (-) TimerEvent: {}
[181.669033] (-) TimerEvent: {}
[181.770436] (-) TimerEvent: {}
[181.871649] (-) TimerEvent: {}
[181.972941] (-) TimerEvent: {}
[182.348701] (-) TimerEvent: {}
[182.460093] (-) TimerEvent: {}
[182.561360] (-) TimerEvent: {}
[182.662736] (-) TimerEvent: {}
[182.764065] (-) TimerEvent: {}
[182.865362] (-) TimerEvent: {}
[182.966705] (-) TimerEvent: {}
[183.068234] (-) TimerEvent: {}
[183.169933] (-) TimerEvent: {}
[183.271273] (-) TimerEvent: {}
[183.373030] (-) TimerEvent: {}
[183.474926] (-) TimerEvent: {}
[183.576126] (-) TimerEvent: {}
[183.677821] (-) TimerEvent: {}
[183.779235] (-) TimerEvent: {}
[183.880824] (-) TimerEvent: {}
[183.982183] (-) TimerEvent: {}
[184.083539] (-) TimerEvent: {}
[184.185182] (-) TimerEvent: {}
[184.286539] (-) TimerEvent: {}
[184.388321] (-) TimerEvent: {}
[184.490180] (-) TimerEvent: {}
[184.591866] (-) TimerEvent: {}
[184.693325] (-) TimerEvent: {}
[184.794923] (-) TimerEvent: {}
[184.896292] (-) TimerEvent: {}
[184.997636] (-) TimerEvent: {}
[185.098935] (-) TimerEvent: {}
[185.200176] (-) TimerEvent: {}
[185.302217] (-) TimerEvent: {}
[185.404249] (-) TimerEvent: {}
[185.506096] (-) TimerEvent: {}
[185.607542] (-) TimerEvent: {}
[185.708942] (-) TimerEvent: {}
[185.810375] (-) TimerEvent: {}
[185.911613] (-) TimerEvent: {}
[186.013132] (-) TimerEvent: {}
[186.114379] (-) TimerEvent: {}
[186.215645] (-) TimerEvent: {}
[186.317066] (-) TimerEvent: {}
[186.418404] (-) TimerEvent: {}
[186.519812] (-) TimerEvent: {}
[186.621213] (-) TimerEvent: {}
[186.722395] (-) TimerEvent: {}
[186.823600] (-) TimerEvent: {}
[186.924919] (-) TimerEvent: {}
[187.026198] (-) TimerEvent: {}
[187.127432] (-) TimerEvent: {}
[187.228884] (-) TimerEvent: {}
[187.330168] (-) TimerEvent: {}
[187.431632] (-) TimerEvent: {}
[187.533186] (-) TimerEvent: {}
[187.634970] (-) TimerEvent: {}
[187.736284] (-) TimerEvent: {}
[187.837468] (-) TimerEvent: {}
[187.938905] (-) TimerEvent: {}
[188.040221] (-) TimerEvent: {}
[188.141534] (-) TimerEvent: {}
[188.242952] (-) TimerEvent: {}
[188.344245] (-) TimerEvent: {}
[188.445575] (-) TimerEvent: {}
[188.546886] (-) TimerEvent: {}
[188.648133] (-) TimerEvent: {}
[188.749475] (-) TimerEvent: {}
[188.850878] (-) TimerEvent: {}
[188.952238] (-) TimerEvent: {}
[189.053554] (-) TimerEvent: {}
[189.154839] (-) TimerEvent: {}
[189.256614] (-) TimerEvent: {}
[189.358302] (-) TimerEvent: {}
[189.459860] (-) TimerEvent: {}
[189.561447] (-) TimerEvent: {}
[189.662815] (-) TimerEvent: {}
[189.764538] (-) TimerEvent: {}
[189.866241] (-) TimerEvent: {}
[189.967988] (-) TimerEvent: {}
[190.070137] (-) TimerEvent: {}
[190.172351] (-) TimerEvent: {}
[190.273543] (-) TimerEvent: {}
[190.374809] (-) TimerEvent: {}
[190.476409] (-) TimerEvent: {}
[190.578129] (-) TimerEvent: {}
[190.679330] (-) TimerEvent: {}
[190.780570] (-) TimerEvent: {}
[190.881822] (-) TimerEvent: {}
[190.983215] (-) TimerEvent: {}
[191.084456] (-) TimerEvent: {}
[191.185694] (-) TimerEvent: {}
[191.287266] (-) TimerEvent: {}
[191.388771] (-) TimerEvent: {}
[191.490285] (-) TimerEvent: {}
[191.591531] (-) TimerEvent: {}
[191.692766] (-) TimerEvent: {}
[191.793969] (-) TimerEvent: {}
[191.895151] (-) TimerEvent: {}
[191.996403] (-) TimerEvent: {}
[192.097766] (-) TimerEvent: {}
[192.199181] (-) TimerEvent: {}
[192.300613] (-) TimerEvent: {}
[192.402090] (-) TimerEvent: {}
[192.503385] (-) TimerEvent: {}
[192.604625] (-) TimerEvent: {}
[192.705859] (-) TimerEvent: {}
[192.807177] (-) TimerEvent: {}
[192.908466] (-) TimerEvent: {}
[193.009813] (-) TimerEvent: {}
[193.111158] (-) TimerEvent: {}
[193.212488] (-) TimerEvent: {}
[193.313796] (-) TimerEvent: {}
[193.415071] (-) TimerEvent: {}
[193.516448] (-) TimerEvent: {}
[193.618026] (-) TimerEvent: {}
[193.719304] (-) TimerEvent: {}
[193.820698] (-) TimerEvent: {}
[193.922012] (-) TimerEvent: {}
[194.023218] (-) TimerEvent: {}
[194.124601] (-) TimerEvent: {}
[194.226390] (-) TimerEvent: {}
[194.328525] (-) TimerEvent: {}
[194.429805] (-) TimerEvent: {}
[194.531062] (-) TimerEvent: {}
[194.632461] (-) TimerEvent: {}
[194.733707] (-) TimerEvent: {}
[194.835046] (-) TimerEvent: {}
[194.936638] (-) TimerEvent: {}
[195.037978] (-) TimerEvent: {}
[195.139264] (-) TimerEvent: {}
[195.240540] (-) TimerEvent: {}
[195.341772] (-) TimerEvent: {}
[195.443073] (-) TimerEvent: {}
[195.550990] (-) TimerEvent: {}
[195.653185] (-) TimerEvent: {}
[195.755682] (-) TimerEvent: {}
[195.857024] (-) TimerEvent: {}
[195.958908] (-) TimerEvent: {}
[196.060739] (-) TimerEvent: {}
[196.162740] (-) TimerEvent: {}
[196.264564] (-) TimerEvent: {}
[196.366578] (-) TimerEvent: {}
[196.468347] (-) TimerEvent: {}
[196.570114] (-) TimerEvent: {}
[196.671790] (-) TimerEvent: {}
[196.773615] (-) TimerEvent: {}
[196.875553] (-) TimerEvent: {}
[196.977372] (-) TimerEvent: {}
[197.078719] (-) TimerEvent: {}
[197.180009] (-) TimerEvent: {}
[197.281404] (-) TimerEvent: {}
[197.382557] (-) TimerEvent: {}
[197.483799] (-) TimerEvent: {}
[197.585101] (-) TimerEvent: {}
[197.686448] (-) TimerEvent: {}
[197.787655] (-) TimerEvent: {}
[197.889135] (-) TimerEvent: {}
[197.990622] (-) TimerEvent: {}
[198.092137] (-) TimerEvent: {}
[198.193507] (-) TimerEvent: {}
[198.295183] (-) TimerEvent: {}
[198.396468] (-) TimerEvent: {}
[198.498514] (-) TimerEvent: {}
[198.599829] (-) TimerEvent: {}
[198.701056] (-) TimerEvent: {}
[198.802230] (-) TimerEvent: {}
[198.903490] (-) TimerEvent: {}
[199.004827] (-) TimerEvent: {}
[199.106214] (-) TimerEvent: {}
[199.207439] (-) TimerEvent: {}
[199.308734] (-) TimerEvent: {}
[199.410121] (-) TimerEvent: {}
[199.511482] (-) TimerEvent: {}
[199.612880] (-) TimerEvent: {}
[199.714179] (-) TimerEvent: {}
[199.815887] (-) TimerEvent: {}
[199.917974] (-) TimerEvent: {}
[200.019732] (-) TimerEvent: {}
[200.121301] (-) TimerEvent: {}
[200.222943] (-) TimerEvent: {}
[200.324354] (-) TimerEvent: {}
[200.425656] (-) TimerEvent: {}
[200.533218] (-) TimerEvent: {}
[200.634559] (-) TimerEvent: {}
[200.735814] (-) TimerEvent: {}
[200.837114] (-) TimerEvent: {}
[200.938373] (-) TimerEvent: {}
[201.040468] (-) TimerEvent: {}
[201.142047] (-) TimerEvent: {}
[201.243232] (-) TimerEvent: {}
[201.344668] (-) TimerEvent: {}
[201.446199] (-) TimerEvent: {}
[201.547495] (-) TimerEvent: {}
[201.648657] (-) TimerEvent: {}
[201.749983] (-) TimerEvent: {}
[201.851296] (-) TimerEvent: {}
[201.952628] (-) TimerEvent: {}
[202.053830] (-) TimerEvent: {}
[202.155156] (-) TimerEvent: {}
[202.256560] (-) TimerEvent: {}
[202.358121] (-) TimerEvent: {}
[202.459417] (-) TimerEvent: {}
[202.560697] (-) TimerEvent: {}
[202.662060] (-) TimerEvent: {}
[202.763320] (-) TimerEvent: {}
[202.864681] (-) TimerEvent: {}
[202.966014] (-) TimerEvent: {}
[203.067294] (-) TimerEvent: {}
[203.168574] (-) TimerEvent: {}
[203.269864] (-) TimerEvent: {}
[203.371687] (-) TimerEvent: {}
[203.473465] (-) TimerEvent: {}
[203.575191] (-) TimerEvent: {}
[203.676591] (-) TimerEvent: {}
[203.778045] (-) TimerEvent: {}
[203.879312] (-) TimerEvent: {}
[203.980456] (-) TimerEvent: {}
[204.081598] (-) TimerEvent: {}
[204.183051] (-) TimerEvent: {}
[204.284379] (-) TimerEvent: {}
[204.385703] (-) TimerEvent: {}
[204.487232] (-) TimerEvent: {}
[204.588458] (-) TimerEvent: {}
[204.689821] (-) TimerEvent: {}
[204.791462] (-) TimerEvent: {}
[204.892686] (-) TimerEvent: {}
[204.993964] (-) TimerEvent: {}
[205.095263] (-) TimerEvent: {}
[205.196686] (-) TimerEvent: {}
[205.298087] (-) TimerEvent: {}
[205.399464] (-) TimerEvent: {}
[205.500761] (-) TimerEvent: {}
[205.602196] (-) TimerEvent: {}
[205.703620] (-) TimerEvent: {}
[205.805192] (-) TimerEvent: {}
[205.906557] (-) TimerEvent: {}
[206.007821] (-) TimerEvent: {}
[206.109522] (-) TimerEvent: {}
[206.211358] (-) TimerEvent: {}
[206.313035] (-) TimerEvent: {}
[206.414901] (-) TimerEvent: {}
[206.516675] (-) TimerEvent: {}
[206.618875] (-) TimerEvent: {}
[206.720559] (-) TimerEvent: {}
[206.822148] (-) TimerEvent: {}
[206.923805] (-) TimerEvent: {}
[207.025171] (-) TimerEvent: {}
[207.126686] (-) TimerEvent: {}
[207.228080] (-) TimerEvent: {}
[207.329385] (-) TimerEvent: {}
[207.430714] (-) TimerEvent: {}
[207.531948] (-) TimerEvent: {}
[207.633174] (-) TimerEvent: {}
[207.734524] (-) TimerEvent: {}
[207.835665] (-) TimerEvent: {}
[207.936883] (-) TimerEvent: {}
[208.038275] (-) TimerEvent: {}
[208.139781] (-) TimerEvent: {}
[208.241227] (-) TimerEvent: {}
[208.342539] (-) TimerEvent: {}
[208.443802] (-) TimerEvent: {}
[208.545132] (-) TimerEvent: {}
[208.646408] (-) TimerEvent: {}
[208.747687] (-) TimerEvent: {}
[208.849127] (-) TimerEvent: {}
[208.950720] (-) TimerEvent: {}
[209.052115] (-) TimerEvent: {}
[209.153392] (-) TimerEvent: {}
[209.254684] (-) TimerEvent: {}
[209.356046] (-) TimerEvent: {}
[209.457717] (-) TimerEvent: {}
[209.559280] (-) TimerEvent: {}
[209.660491] (-) TimerEvent: {}
[209.761826] (-) TimerEvent: {}
[209.863252] (-) TimerEvent: {}
[209.964531] (-) TimerEvent: {}
[210.066095] (-) TimerEvent: {}
[210.167657] (-) TimerEvent: {}
[210.269228] (-) TimerEvent: {}
[210.370533] (-) TimerEvent: {}
[210.471734] (-) TimerEvent: {}
[210.573014] (-) TimerEvent: {}
[210.674353] (-) TimerEvent: {}
[210.775773] (-) TimerEvent: {}
[210.877071] (-) TimerEvent: {}
[210.979238] (-) TimerEvent: {}
[211.080981] (-) TimerEvent: {}
[211.182614] (-) TimerEvent: {}
[211.284270] (-) TimerEvent: {}
[211.386026] (-) TimerEvent: {}
[211.487502] (-) TimerEvent: {}
[211.589202] (-) TimerEvent: {}
[211.690743] (-) TimerEvent: {}
[211.792144] (-) TimerEvent: {}
[211.893419] (-) TimerEvent: {}
[211.994768] (-) TimerEvent: {}
[212.096009] (-) TimerEvent: {}
[212.197470] (-) TimerEvent: {}
[212.299018] (-) TimerEvent: {}
[212.400271] (-) TimerEvent: {}
[212.513670] (-) TimerEvent: {}
[212.638777] (-) TimerEvent: {}
[212.740173] (-) TimerEvent: {}
[212.841599] (-) TimerEvent: {}
[212.943018] (-) TimerEvent: {}
[213.044284] (-) TimerEvent: {}
[213.145534] (-) TimerEvent: {}
[213.246939] (-) TimerEvent: {}
[213.348661] (-) TimerEvent: {}
[213.450176] (-) TimerEvent: {}
[213.551660] (-) TimerEvent: {}
[213.653003] (-) TimerEvent: {}
[213.754590] (-) TimerEvent: {}
[213.856018] (-) TimerEvent: {}
[213.957350] (-) TimerEvent: {}
[214.059075] (-) TimerEvent: {}
[214.160525] (-) TimerEvent: {}
[214.262047] (-) TimerEvent: {}
[214.363366] (-) TimerEvent: {}
[214.464617] (-) TimerEvent: {}
[214.565975] (-) TimerEvent: {}
[214.667345] (-) TimerEvent: {}
[214.768619] (-) TimerEvent: {}
[214.870065] (-) TimerEvent: {}
[214.971406] (-) TimerEvent: {}
[215.072724] (-) TimerEvent: {}
[215.174185] (-) TimerEvent: {}
[215.275625] (-) TimerEvent: {}
[215.376979] (-) TimerEvent: {}
[215.479073] (-) TimerEvent: {}
[215.582531] (-) TimerEvent: {}
[216.283098] (-) TimerEvent: {}
[216.384971] (-) TimerEvent: {}
[216.487005] (-) TimerEvent: {}
[216.588497] (-) TimerEvent: {}
[216.690191] (-) TimerEvent: {}
[216.792000] (-) TimerEvent: {}
[216.893711] (-) TimerEvent: {}
[216.995088] (-) TimerEvent: {}
[217.096414] (-) TimerEvent: {}
[217.197834] (-) TimerEvent: {}
[217.299335] (-) TimerEvent: {}
[217.400656] (-) TimerEvent: {}
[217.502145] (-) TimerEvent: {}
[217.603313] (-) TimerEvent: {}
[217.704571] (-) TimerEvent: {}
[217.805813] (-) TimerEvent: {}
[217.907280] (-) TimerEvent: {}
[218.008539] (-) TimerEvent: {}
[218.109933] (-) TimerEvent: {}
[218.211371] (-) TimerEvent: {}
[218.312592] (-) TimerEvent: {}
[218.414988] (-) TimerEvent: {}
[218.516411] (-) TimerEvent: {}
[218.617678] (-) TimerEvent: {}
[218.719151] (-) TimerEvent: {}
[218.820570] (-) TimerEvent: {}
[218.921958] (-) TimerEvent: {}
[219.023196] (-) TimerEvent: {}
[219.124657] (-) TimerEvent: {}
[219.226124] (-) TimerEvent: {}
[219.327744] (-) TimerEvent: {}
[219.429129] (-) TimerEvent: {}
[219.530683] (-) TimerEvent: {}
[219.632193] (-) TimerEvent: {}
[219.733658] (-) TimerEvent: {}
[219.834996] (-) TimerEvent: {}
[219.936345] (-) TimerEvent: {}
[220.037636] (-) TimerEvent: {}
[220.139070] (-) TimerEvent: {}
[220.240166] (-) TimerEvent: {}
[220.341496] (-) TimerEvent: {}
[220.442974] (-) TimerEvent: {}
[220.544253] (-) TimerEvent: {}
[220.645636] (-) TimerEvent: {}
[220.747138] (-) TimerEvent: {}
[220.848801] (-) TimerEvent: {}
[220.950310] (-) TimerEvent: {}
[221.051688] (-) TimerEvent: {}
[221.152799] (-) TimerEvent: {}
[221.254194] (-) TimerEvent: {}
[221.355919] (-) TimerEvent: {}
[221.457521] (-) TimerEvent: {}
[221.560086] (-) TimerEvent: {}
[221.662102] (-) TimerEvent: {}
[221.763900] (-) TimerEvent: {}
[221.865629] (-) TimerEvent: {}
[221.967389] (-) TimerEvent: {}
[222.068935] (-) TimerEvent: {}
[222.170405] (-) TimerEvent: {}
[222.272043] (-) TimerEvent: {}
[222.373735] (-) TimerEvent: {}
[222.475526] (-) TimerEvent: {}
[222.577261] (-) TimerEvent: {}
[222.678944] (-) TimerEvent: {}
[222.780505] (-) TimerEvent: {}
[222.882292] (-) TimerEvent: {}
[222.984163] (-) TimerEvent: {}
[223.085993] (-) TimerEvent: {}
[223.187581] (-) TimerEvent: {}
[223.289360] (-) TimerEvent: {}
[223.391292] (-) TimerEvent: {}
[223.492936] (-) TimerEvent: {}
[223.594205] (-) TimerEvent: {}
[223.695748] (-) TimerEvent: {}
[223.796984] (-) TimerEvent: {}
[223.898252] (-) TimerEvent: {}
[223.999417] (-) TimerEvent: {}
[224.100940] (-) TimerEvent: {}
[224.202560] (-) TimerEvent: {}
[224.303889] (-) TimerEvent: {}
[224.405530] (-) TimerEvent: {}
[224.506936] (-) TimerEvent: {}
[224.608179] (-) TimerEvent: {}
[224.709612] (-) TimerEvent: {}
[224.811362] (-) TimerEvent: {}
[224.912768] (-) TimerEvent: {}
[225.014285] (-) TimerEvent: {}
[225.115538] (-) TimerEvent: {}
[225.217362] (-) TimerEvent: {}
[225.318858] (-) TimerEvent: {}
[225.420047] (-) TimerEvent: {}
[225.521579] (-) TimerEvent: {}
[225.623019] (-) TimerEvent: {}
[225.724599] (-) TimerEvent: {}
[225.826244] (-) TimerEvent: {}
[225.927785] (-) TimerEvent: {}
[226.029435] (-) TimerEvent: {}
[226.130949] (-) TimerEvent: {}
[226.232301] (-) TimerEvent: {}
[226.333750] (-) TimerEvent: {}
[226.435169] (-) TimerEvent: {}
[226.536506] (-) TimerEvent: {}
[226.637854] (-) TimerEvent: {}
[226.739319] (-) TimerEvent: {}
[226.840750] (-) TimerEvent: {}
[226.942139] (-) TimerEvent: {}
[227.043549] (-) TimerEvent: {}
[227.144828] (-) TimerEvent: {}
[227.246219] (-) TimerEvent: {}
[227.347687] (-) TimerEvent: {}
[227.449245] (-) TimerEvent: {}
[227.550559] (-) TimerEvent: {}
[227.652031] (-) TimerEvent: {}
[227.753296] (-) TimerEvent: {}
[227.854672] (-) TimerEvent: {}
[227.956010] (-) TimerEvent: {}
[228.057458] (-) TimerEvent: {}
[228.158992] (-) TimerEvent: {}
[228.260314] (-) TimerEvent: {}
[228.361642] (-) TimerEvent: {}
[228.463154] (-) TimerEvent: {}
[228.564651] (-) TimerEvent: {}
[228.665980] (-) TimerEvent: {}
[228.767572] (-) TimerEvent: {}
[228.869072] (-) TimerEvent: {}
[228.970665] (-) TimerEvent: {}
[229.071958] (-) TimerEvent: {}
[229.173476] (-) TimerEvent: {}
[229.274812] (-) TimerEvent: {}
[229.376255] (-) TimerEvent: {}
[229.477955] (-) TimerEvent: {}
[229.579481] (-) TimerEvent: {}
[229.681953] (-) TimerEvent: {}
[229.783270] (-) TimerEvent: {}
[229.884508] (-) TimerEvent: {}
[229.985869] (-) TimerEvent: {}
[230.087175] (-) TimerEvent: {}
[230.188391] (-) TimerEvent: {}
[230.289698] (-) TimerEvent: {}
[230.391180] (-) TimerEvent: {}
[230.492550] (-) TimerEvent: {}
[230.593993] (-) TimerEvent: {}
[230.698362] (-) TimerEvent: {}
[230.799624] (-) TimerEvent: {}
[230.901024] (-) TimerEvent: {}
[231.002344] (-) TimerEvent: {}
[231.103712] (-) TimerEvent: {}
[231.205101] (-) TimerEvent: {}
[231.306515] (-) TimerEvent: {}
[231.407856] (-) TimerEvent: {}
[231.509154] (-) TimerEvent: {}
[231.610382] (-) TimerEvent: {}
[231.711873] (-) TimerEvent: {}
[231.813219] (-) TimerEvent: {}
[231.914488] (-) TimerEvent: {}
[232.015840] (-) TimerEvent: {}
[232.117190] (-) TimerEvent: {}
[232.218516] (-) TimerEvent: {}
[232.320021] (-) TimerEvent: {}
[232.421300] (-) TimerEvent: {}
[232.522685] (-) TimerEvent: {}
[232.624338] (-) TimerEvent: {}
[232.725588] (-) TimerEvent: {}
[232.827122] (-) TimerEvent: {}
[232.928345] (-) TimerEvent: {}
[233.029855] (-) TimerEvent: {}
[233.131682] (-) TimerEvent: {}
[233.233472] (-) TimerEvent: {}
[233.335313] (-) TimerEvent: {}
[233.436726] (-) TimerEvent: {}
[233.538005] (-) TimerEvent: {}
[233.639198] (-) TimerEvent: {}
[233.740483] (-) TimerEvent: {}
[233.842052] (-) TimerEvent: {}
[233.943453] (-) TimerEvent: {}
[234.045056] (-) TimerEvent: {}
[234.146557] (-) TimerEvent: {}
[234.247922] (-) TimerEvent: {}
[234.349276] (-) TimerEvent: {}
[234.450708] (-) TimerEvent: {}
[234.552111] (-) TimerEvent: {}
[234.653433] (-) TimerEvent: {}
[234.754891] (-) TimerEvent: {}
[234.856310] (-) TimerEvent: {}
[234.957697] (-) TimerEvent: {}
[235.059111] (-) TimerEvent: {}
[235.160566] (-) TimerEvent: {}
[235.261951] (-) TimerEvent: {}
[235.363257] (-) TimerEvent: {}
[235.464639] (-) TimerEvent: {}
[235.566189] (-) TimerEvent: {}
[235.667794] (-) TimerEvent: {}
[235.769510] (-) TimerEvent: {}
[235.870850] (-) TimerEvent: {}
[235.972392] (-) TimerEvent: {}
[236.073707] (-) TimerEvent: {}
[236.175282] (-) TimerEvent: {}
[236.276640] (-) TimerEvent: {}
[236.378005] (-) TimerEvent: {}
[236.479470] (-) TimerEvent: {}
[236.581047] (-) TimerEvent: {}
[236.682447] (-) TimerEvent: {}
[236.783823] (-) TimerEvent: {}
[236.885120] (-) TimerEvent: {}
[236.986549] (-) TimerEvent: {}
[237.088074] (-) TimerEvent: {}
[237.189422] (-) TimerEvent: {}
[237.290721] (-) TimerEvent: {}
[237.392051] (-) TimerEvent: {}
[237.493766] (-) TimerEvent: {}
[237.595261] (-) TimerEvent: {}
[237.696688] (-) TimerEvent: {}
[237.798795] (-) TimerEvent: {}
[237.901000] (-) TimerEvent: {}
[238.002348] (-) TimerEvent: {}
[238.104093] (-) TimerEvent: {}
[238.205419] (-) TimerEvent: {}
[238.306805] (-) TimerEvent: {}
[238.408227] (-) TimerEvent: {}
[238.509494] (-) TimerEvent: {}
[238.610901] (-) TimerEvent: {}
[238.712193] (-) TimerEvent: {}
[238.813870] (-) TimerEvent: {}
[238.915346] (-) TimerEvent: {}
[239.016596] (-) TimerEvent: {}
[239.117980] (-) TimerEvent: {}
[239.219706] (-) TimerEvent: {}
[239.321390] (-) TimerEvent: {}
[239.423205] (-) TimerEvent: {}
[239.524939] (-) TimerEvent: {}
[239.626651] (-) TimerEvent: {}
[239.728454] (-) TimerEvent: {}
[239.830108] (-) TimerEvent: {}
[239.931741] (-) TimerEvent: {}
[240.033629] (-) TimerEvent: {}
[240.135448] (-) TimerEvent: {}
[240.237180] (-) TimerEvent: {}
[240.339025] (-) TimerEvent: {}
[240.440693] (-) TimerEvent: {}
[240.542015] (-) TimerEvent: {}
[240.643409] (-) TimerEvent: {}
[240.744772] (-) TimerEvent: {}
[240.846163] (-) TimerEvent: {}
[240.947405] (-) TimerEvent: {}
[241.048940] (-) TimerEvent: {}
[241.150557] (-) TimerEvent: {}
[241.251822] (-) TimerEvent: {}
[241.353170] (-) TimerEvent: {}
[241.454898] (-) TimerEvent: {}
[241.556277] (-) TimerEvent: {}
[241.657528] (-) TimerEvent: {}
[241.758931] (-) TimerEvent: {}
[241.860210] (-) TimerEvent: {}
[241.961597] (-) TimerEvent: {}
[242.062956] (-) TimerEvent: {}
[242.164132] (-) TimerEvent: {}
[242.265694] (-) TimerEvent: {}
[242.367081] (-) TimerEvent: {}
[242.468428] (-) TimerEvent: {}
[242.570116] (-) TimerEvent: {}
[242.671346] (-) TimerEvent: {}
[242.772579] (-) TimerEvent: {}
[242.873994] (-) TimerEvent: {}
[242.975219] (-) TimerEvent: {}
[243.076547] (-) TimerEvent: {}
[243.178170] (-) TimerEvent: {}
[243.279577] (-) TimerEvent: {}
[243.380887] (-) TimerEvent: {}
[243.482196] (-) TimerEvent: {}
[243.583542] (-) TimerEvent: {}
[243.684932] (-) TimerEvent: {}
[243.786201] (-) TimerEvent: {}
[243.887534] (-) TimerEvent: {}
[243.988892] (-) TimerEvent: {}
[244.090427] (-) TimerEvent: {}
[244.191932] (-) TimerEvent: {}
[244.293206] (-) TimerEvent: {}
[244.394673] (-) TimerEvent: {}
[244.496459] (-) TimerEvent: {}
[244.597980] (-) TimerEvent: {}
[244.699380] (-) TimerEvent: {}
[244.800762] (-) TimerEvent: {}
[244.902193] (-) TimerEvent: {}
[245.003799] (-) TimerEvent: {}
[245.105384] (-) TimerEvent: {}
[245.206702] (-) TimerEvent: {}
[245.308001] (-) TimerEvent: {}
[245.409407] (-) TimerEvent: {}
[245.510902] (-) TimerEvent: {}
[245.612142] (-) TimerEvent: {}
[245.718235] (-) TimerEvent: {}
[245.819595] (-) TimerEvent: {}
[245.921768] (-) TimerEvent: {}
[246.024577] (-) TimerEvent: {}
[246.126418] (-) TimerEvent: {}
[246.227990] (-) TimerEvent: {}
[246.329739] (-) TimerEvent: {}
[246.431239] (-) TimerEvent: {}
[246.532611] (-) TimerEvent: {}
[246.634075] (-) TimerEvent: {}
[246.735526] (-) TimerEvent: {}
[246.836813] (-) TimerEvent: {}
[246.938738] (-) TimerEvent: {}
[247.040624] (-) TimerEvent: {}
[247.141988] (-) TimerEvent: {}
[247.243338] (-) TimerEvent: {}
[247.345050] (-) TimerEvent: {}
[247.446664] (-) TimerEvent: {}
[247.548264] (-) TimerEvent: {}
[247.649662] (-) TimerEvent: {}
[247.751188] (-) TimerEvent: {}
[247.852391] (-) TimerEvent: {}
[247.953691] (-) TimerEvent: {}
[248.054975] (-) TimerEvent: {}
[248.156472] (-) TimerEvent: {}
[248.257850] (-) TimerEvent: {}
[248.359632] (-) TimerEvent: {}
[248.460981] (-) TimerEvent: {}
[248.562411] (-) TimerEvent: {}
[248.663822] (-) TimerEvent: {}
[248.765085] (-) TimerEvent: {}
[248.866622] (-) TimerEvent: {}
[248.968250] (-) TimerEvent: {}
[249.069639] (-) TimerEvent: {}
[249.171151] (-) TimerEvent: {}
[249.272686] (-) TimerEvent: {}
[249.374178] (-) TimerEvent: {}
[249.475867] (-) TimerEvent: {}
[249.577715] (-) TimerEvent: {}
[249.679627] (-) TimerEvent: {}
[249.781124] (-) TimerEvent: {}
[249.882771] (-) TimerEvent: {}
[249.984281] (-) TimerEvent: {}
[250.085796] (-) TimerEvent: {}
[250.187646] (-) TimerEvent: {}
[250.289246] (-) TimerEvent: {}
[250.391283] (-) TimerEvent: {}
[250.492848] (-) TimerEvent: {}
[250.594452] (-) TimerEvent: {}
[250.696219] (-) TimerEvent: {}
[250.798133] (-) TimerEvent: {}
[250.899843] (-) TimerEvent: {}
[251.001600] (-) TimerEvent: {}
[251.103517] (-) TimerEvent: {}
[251.205194] (-) TimerEvent: {}
[251.306782] (-) TimerEvent: {}
[251.408275] (-) TimerEvent: {}
[251.509924] (-) TimerEvent: {}
[251.611660] (-) TimerEvent: {}
[251.713428] (-) TimerEvent: {}
[251.815234] (-) TimerEvent: {}
[251.916977] (-) TimerEvent: {}
[252.018643] (-) TimerEvent: {}
[252.119994] (-) TimerEvent: {}
[252.221257] (-) TimerEvent: {}
[252.322846] (-) TimerEvent: {}
[252.424164] (-) TimerEvent: {}
[252.525583] (-) TimerEvent: {}
[252.626968] (-) TimerEvent: {}
[252.728516] (-) TimerEvent: {}
[252.829762] (-) TimerEvent: {}
[252.931161] (-) TimerEvent: {}
[253.032602] (-) TimerEvent: {}
[253.134062] (-) TimerEvent: {}
[253.235419] (-) TimerEvent: {}
[253.336800] (-) TimerEvent: {}
[253.438565] (-) TimerEvent: {}
[253.540027] (-) TimerEvent: {}
[253.641604] (-) TimerEvent: {}
[253.743205] (-) TimerEvent: {}
[253.844545] (-) TimerEvent: {}
[253.946399] (-) TimerEvent: {}
[254.047896] (-) TimerEvent: {}
[254.149315] (-) TimerEvent: {}
[254.250747] (-) TimerEvent: {}
[254.352107] (-) TimerEvent: {}
[254.453508] (-) TimerEvent: {}
[254.554967] (-) TimerEvent: {}
[254.656305] (-) TimerEvent: {}
[254.757670] (-) TimerEvent: {}
[254.859055] (-) TimerEvent: {}
[254.960399] (-) TimerEvent: {}
[255.062105] (-) TimerEvent: {}
[255.163403] (-) TimerEvent: {}
[255.264815] (-) TimerEvent: {}
[255.366382] (-) TimerEvent: {}
[255.467953] (-) TimerEvent: {}
[255.569344] (-) TimerEvent: {}
[255.670825] (-) TimerEvent: {}
[255.772138] (-) TimerEvent: {}
[255.873614] (-) TimerEvent: {}
[255.975266] (-) TimerEvent: {}
[256.076667] (-) TimerEvent: {}
[256.178016] (-) TimerEvent: {}
[256.279436] (-) TimerEvent: {}
[256.380787] (-) TimerEvent: {}
[256.482395] (-) TimerEvent: {}
[256.584028] (-) TimerEvent: {}
[256.685611] (-) TimerEvent: {}
[256.787303] (-) TimerEvent: {}
[256.888839] (-) TimerEvent: {}
[256.990182] (-) TimerEvent: {}
[257.091543] (-) TimerEvent: {}
[257.192924] (-) TimerEvent: {}
[257.294392] (-) TimerEvent: {}
[257.395830] (-) TimerEvent: {}
[257.497239] (-) TimerEvent: {}
[257.598882] (-) TimerEvent: {}
[257.700285] (-) TimerEvent: {}
[257.801716] (-) TimerEvent: {}
[257.903107] (-) TimerEvent: {}
[258.004398] (-) TimerEvent: {}
[258.105720] (-) TimerEvent: {}
[258.207088] (-) TimerEvent: {}
[258.308514] (-) TimerEvent: {}
[258.410140] (-) TimerEvent: {}
[258.511530] (-) TimerEvent: {}
[258.612827] (-) TimerEvent: {}
[258.714187] (-) TimerEvent: {}
[258.815483] (-) TimerEvent: {}
[258.916870] (-) TimerEvent: {}
[259.018132] (-) TimerEvent: {}
[259.119418] (-) TimerEvent: {}
[259.220878] (-) TimerEvent: {}
[259.322087] (-) TimerEvent: {}
[259.423346] (-) TimerEvent: {}
[259.524650] (-) TimerEvent: {}
[259.626075] (-) TimerEvent: {}
[259.727520] (-) TimerEvent: {}
[259.829080] (-) TimerEvent: {}
[259.930547] (-) TimerEvent: {}
[260.032332] (-) TimerEvent: {}
[260.133966] (-) TimerEvent: {}
[260.235215] (-) TimerEvent: {}
[260.336287] (-) TimerEvent: {}
[260.437460] (-) TimerEvent: {}
[260.539330] (-) TimerEvent: {}
[260.640702] (-) TimerEvent: {}
[260.742134] (-) TimerEvent: {}
[260.843889] (-) TimerEvent: {}
[260.945769] (-) TimerEvent: {}
[261.047537] (-) TimerEvent: {}
[261.149269] (-) TimerEvent: {}
[261.251115] (-) TimerEvent: {}
[261.352650] (-) TimerEvent: {}
[261.453861] (-) TimerEvent: {}
[261.555186] (-) TimerEvent: {}
[261.656519] (-) TimerEvent: {}
[261.758087] (-) TimerEvent: {}
[261.859423] (-) TimerEvent: {}
[261.960842] (-) TimerEvent: {}
[262.062164] (-) TimerEvent: {}
[262.163461] (-) TimerEvent: {}
[262.264715] (-) TimerEvent: {}
[262.366223] (-) TimerEvent: {}
[262.467673] (-) TimerEvent: {}
[262.569412] (-) TimerEvent: {}
[262.670749] (-) TimerEvent: {}
[262.772020] (-) TimerEvent: {}
[262.873341] (-) TimerEvent: {}
[262.974870] (-) TimerEvent: {}
[263.076163] (-) TimerEvent: {}
[263.177446] (-) TimerEvent: {}
[263.278854] (-) TimerEvent: {}
[263.380424] (-) TimerEvent: {}
[263.482061] (-) TimerEvent: {}
[263.583421] (-) TimerEvent: {}
[263.685021] (-) TimerEvent: {}
[263.786395] (-) TimerEvent: {}
[263.887547] (-) TimerEvent: {}
[263.989147] (-) TimerEvent: {}
[264.091347] (-) TimerEvent: {}
[264.192541] (-) TimerEvent: {}
[264.294249] (-) TimerEvent: {}
[264.396014] (-) TimerEvent: {}
[264.497858] (-) TimerEvent: {}
[264.599673] (-) TimerEvent: {}
[264.701453] (-) TimerEvent: {}
[264.803111] (-) TimerEvent: {}
[264.904467] (-) TimerEvent: {}
[265.005719] (-) TimerEvent: {}
[265.107134] (-) TimerEvent: {}
[265.208557] (-) TimerEvent: {}
[265.310035] (-) TimerEvent: {}
[265.411376] (-) TimerEvent: {}
[265.512764] (-) TimerEvent: {}
[265.614263] (-) TimerEvent: {}
[265.715629] (-) TimerEvent: {}
[265.817133] (-) TimerEvent: {}
[265.918418] (-) TimerEvent: {}
[266.019771] (-) TimerEvent: {}
[266.121299] (-) TimerEvent: {}
[266.222799] (-) TimerEvent: {}
[266.324220] (-) TimerEvent: {}
[266.425495] (-) TimerEvent: {}
[266.527024] (-) TimerEvent: {}
[266.628592] (-) TimerEvent: {}
[266.730229] (-) TimerEvent: {}
[266.831784] (-) TimerEvent: {}
[266.933218] (-) TimerEvent: {}
[267.034593] (-) TimerEvent: {}
[267.136085] (-) TimerEvent: {}
[267.237565] (-) TimerEvent: {}
[267.339072] (-) TimerEvent: {}
[267.440537] (-) TimerEvent: {}
[267.541935] (-) TimerEvent: {}
[267.643240] (-) TimerEvent: {}
[267.744652] (-) TimerEvent: {}
[267.846392] (-) TimerEvent: {}
[267.948143] (-) TimerEvent: {}
[268.050078] (-) TimerEvent: {}
[268.151820] (-) TimerEvent: {}
[268.253644] (-) TimerEvent: {}
[268.355501] (-) TimerEvent: {}
[268.457112] (-) TimerEvent: {}
[268.558776] (-) TimerEvent: {}
[268.660375] (-) TimerEvent: {}
[268.762030] (-) TimerEvent: {}
[268.863619] (-) TimerEvent: {}
[268.965199] (-) TimerEvent: {}
[269.066797] (-) TimerEvent: {}
[269.168422] (-) TimerEvent: {}
[269.270108] (-) TimerEvent: {}
[269.371513] (-) TimerEvent: {}
[269.472878] (-) TimerEvent: {}
[269.574229] (-) TimerEvent: {}
[269.675734] (-) TimerEvent: {}
[269.777021] (-) TimerEvent: {}
[269.878406] (-) TimerEvent: {}
[269.980014] (-) TimerEvent: {}
[270.081643] (-) TimerEvent: {}
[270.183109] (-) TimerEvent: {}
[270.284647] (-) TimerEvent: {}
[270.386345] (-) TimerEvent: {}
[270.487969] (-) TimerEvent: {}
[270.589498] (-) TimerEvent: {}
[270.691036] (-) TimerEvent: {}
[270.793042] (-) TimerEvent: {}
[270.894385] (-) TimerEvent: {}
[270.995884] (-) TimerEvent: {}
[271.097672] (-) TimerEvent: {}
[271.199286] (-) TimerEvent: {}
[271.300616] (-) TimerEvent: {}
[271.402035] (-) TimerEvent: {}
[271.503434] (-) TimerEvent: {}
[271.604791] (-) TimerEvent: {}
[271.706065] (-) TimerEvent: {}
[271.807419] (-) TimerEvent: {}
[271.908578] (-) TimerEvent: {}
[272.009964] (-) TimerEvent: {}
[272.111282] (-) TimerEvent: {}
[272.212830] (-) TimerEvent: {}
[272.314305] (-) TimerEvent: {}
[272.415750] (-) TimerEvent: {}
[272.517228] (-) TimerEvent: {}
[272.618534] (-) TimerEvent: {}
[272.720102] (-) TimerEvent: {}
[272.821667] (-) TimerEvent: {}
[272.923394] (-) TimerEvent: {}
[273.024983] (-) TimerEvent: {}
[273.633384] (-) TimerEvent: {}
[273.747316] (-) TimerEvent: {}
[273.848680] (-) TimerEvent: {}
[273.950464] (-) TimerEvent: {}
[274.051887] (-) TimerEvent: {}
[274.153180] (-) TimerEvent: {}
[274.254755] (-) TimerEvent: {}
[274.356281] (-) TimerEvent: {}
[274.458051] (-) TimerEvent: {}
[274.559362] (-) TimerEvent: {}
[274.660882] (-) TimerEvent: {}
[274.762291] (-) TimerEvent: {}
[274.863722] (-) TimerEvent: {}
[274.965012] (-) TimerEvent: {}
[275.066352] (-) TimerEvent: {}
[275.167743] (-) TimerEvent: {}
[275.269129] (-) TimerEvent: {}
[275.370644] (-) TimerEvent: {}
[275.472057] (-) TimerEvent: {}
[275.573500] (-) TimerEvent: {}
[275.674770] (-) TimerEvent: {}
[275.776466] (-) TimerEvent: {}
[275.877751] (-) TimerEvent: {}
[275.979105] (-) TimerEvent: {}
[276.080484] (-) TimerEvent: {}
[276.181804] (-) TimerEvent: {}
[276.283491] (-) TimerEvent: {}
[276.384980] (-) TimerEvent: {}
[276.486552] (-) TimerEvent: {}
[276.587871] (-) TimerEvent: {}
[276.689070] (-) TimerEvent: {}
[276.790417] (-) TimerEvent: {}
[276.891797] (-) TimerEvent: {}
[276.993434] (-) TimerEvent: {}
[277.094840] (-) TimerEvent: {}
[277.196310] (-) TimerEvent: {}
[277.297605] (-) TimerEvent: {}
[277.399505] (-) TimerEvent: {}
[277.501056] (-) TimerEvent: {}
[277.602457] (-) TimerEvent: {}
[277.703889] (-) TimerEvent: {}
[277.806225] (-) TimerEvent: {}
[277.908832] (-) TimerEvent: {}
[278.010249] (-) TimerEvent: {}
[278.112327] (-) TimerEvent: {}
[278.214066] (-) TimerEvent: {}
[278.315661] (-) TimerEvent: {}
[278.417284] (-) TimerEvent: {}
[278.519238] (-) TimerEvent: {}
[278.620721] (-) TimerEvent: {}
[278.722542] (-) TimerEvent: {}
[278.824185] (-) TimerEvent: {}
[278.925425] (-) TimerEvent: {}
[279.026900] (-) TimerEvent: {}
[279.128258] (-) TimerEvent: {}
[279.229708] (-) TimerEvent: {}
[279.331151] (-) TimerEvent: {}
[279.432419] (-) TimerEvent: {}
[279.534127] (-) TimerEvent: {}
[279.635445] (-) TimerEvent: {}
[279.737239] (-) TimerEvent: {}
[279.838772] (-) TimerEvent: {}
[279.940071] (-) TimerEvent: {}
[280.041557] (-) TimerEvent: {}
[280.143008] (-) TimerEvent: {}
[280.244327] (-) TimerEvent: {}
[280.345764] (-) TimerEvent: {}
[280.447086] (-) TimerEvent: {}
[280.548312] (-) TimerEvent: {}
[280.649788] (-) TimerEvent: {}
[280.751217] (-) TimerEvent: {}
[280.852888] (-) TimerEvent: {}
[280.954167] (-) TimerEvent: {}
[281.055438] (-) TimerEvent: {}
[281.156874] (-) TimerEvent: {}
[281.258112] (-) TimerEvent: {}
[281.359446] (-) TimerEvent: {}
[281.461080] (-) TimerEvent: {}
[281.562522] (-) TimerEvent: {}
[281.664193] (-) TimerEvent: {}
[281.765620] (-) TimerEvent: {}
[281.867080] (-) TimerEvent: {}
[281.968680] (-) TimerEvent: {}
[282.069992] (-) TimerEvent: {}
[282.171403] (-) TimerEvent: {}
[282.272802] (-) TimerEvent: {}
[282.374237] (-) TimerEvent: {}
[282.475818] (-) TimerEvent: {}
[282.577382] (-) TimerEvent: {}
[282.679044] (-) TimerEvent: {}
[282.780674] (-) TimerEvent: {}
[282.882291] (-) TimerEvent: {}
[282.983499] (-) TimerEvent: {}
[283.084976] (-) TimerEvent: {}
[283.186459] (-) TimerEvent: {}
[283.287802] (-) TimerEvent: {}
[283.389186] (-) TimerEvent: {}
[283.490709] (-) TimerEvent: {}
[283.592038] (-) TimerEvent: {}
[283.693333] (-) TimerEvent: {}
[283.794848] (-) TimerEvent: {}
[283.896179] (-) TimerEvent: {}
[283.997774] (-) TimerEvent: {}
[284.099188] (-) TimerEvent: {}
[284.200581] (-) TimerEvent: {}
[284.302013] (-) TimerEvent: {}
[284.403598] (-) TimerEvent: {}
[284.504883] (-) TimerEvent: {}
[284.606249] (-) TimerEvent: {}
[284.707542] (-) TimerEvent: {}
[284.808898] (-) TimerEvent: {}
[284.910538] (-) TimerEvent: {}
[285.011938] (-) TimerEvent: {}
[285.113340] (-) TimerEvent: {}
[285.214798] (-) TimerEvent: {}
[285.316118] (-) TimerEvent: {}
[285.417662] (-) TimerEvent: {}
[285.519395] (-) TimerEvent: {}
[285.620881] (-) TimerEvent: {}
[285.722570] (-) TimerEvent: {}
[285.824421] (-) TimerEvent: {}
[285.926370] (-) TimerEvent: {}
[286.028143] (-) TimerEvent: {}
[286.129738] (-) TimerEvent: {}
[286.231511] (-) TimerEvent: {}
[286.333254] (-) TimerEvent: {}
[286.434999] (-) TimerEvent: {}
[286.536512] (-) TimerEvent: {}
[286.637964] (-) TimerEvent: {}
[286.739370] (-) TimerEvent: {}
[286.840779] (-) TimerEvent: {}
[286.942476] (-) TimerEvent: {}
[287.044188] (-) TimerEvent: {}
[287.145708] (-) TimerEvent: {}
[287.247096] (-) TimerEvent: {}
[287.348462] (-) TimerEvent: {}
[287.449617] (-) TimerEvent: {}
[287.550950] (-) TimerEvent: {}
[287.652222] (-) TimerEvent: {}
[287.753608] (-) TimerEvent: {}
[287.855019] (-) TimerEvent: {}
[287.956376] (-) TimerEvent: {}
[288.058275] (-) TimerEvent: {}
[288.160182] (-) TimerEvent: {}
[288.261672] (-) TimerEvent: {}
[288.362964] (-) TimerEvent: {}
[288.464291] (-) TimerEvent: {}
[288.565718] (-) TimerEvent: {}
[288.667397] (-) TimerEvent: {}
[288.768878] (-) TimerEvent: {}
[288.870335] (-) TimerEvent: {}
[288.971685] (-) TimerEvent: {}
[289.073400] (-) TimerEvent: {}
[289.174905] (-) TimerEvent: {}
[289.276451] (-) TimerEvent: {}
[289.378083] (-) TimerEvent: {}
[289.479296] (-) TimerEvent: {}
[289.580771] (-) TimerEvent: {}
[289.682685] (-) TimerEvent: {}
[289.784395] (-) TimerEvent: {}
[289.886137] (-) TimerEvent: {}
[289.987593] (-) TimerEvent: {}
[290.089039] (-) TimerEvent: {}
[290.190370] (-) TimerEvent: {}
[290.291846] (-) TimerEvent: {}
[290.393574] (-) TimerEvent: {}
[290.495237] (-) TimerEvent: {}
[290.596730] (-) TimerEvent: {}
[290.698534] (-) TimerEvent: {}
[290.799794] (-) TimerEvent: {}
[290.901252] (-) TimerEvent: {}
[291.002722] (-) TimerEvent: {}
[291.104470] (-) TimerEvent: {}
[291.206344] (-) TimerEvent: {}
[291.308182] (-) TimerEvent: {}
[291.410063] (-) TimerEvent: {}
[291.511874] (-) TimerEvent: {}
[291.613649] (-) TimerEvent: {}
[291.715195] (-) TimerEvent: {}
[291.816825] (-) TimerEvent: {}
[291.918571] (-) TimerEvent: {}
[292.020079] (-) TimerEvent: {}
[292.121567] (-) TimerEvent: {}
[292.223049] (-) TimerEvent: {}
[292.324324] (-) TimerEvent: {}
[292.425706] (-) TimerEvent: {}
[292.527213] (-) TimerEvent: {}
[292.628605] (-) TimerEvent: {}
[292.730088] (-) TimerEvent: {}
[292.831515] (-) TimerEvent: {}
[292.932812] (-) TimerEvent: {}
[293.034185] (-) TimerEvent: {}
[293.135507] (-) TimerEvent: {}
[293.237399] (-) TimerEvent: {}
[293.341484] (-) TimerEvent: {}
[293.445867] (-) TimerEvent: {}
[293.550134] (-) TimerEvent: {}
[293.651688] (-) TimerEvent: {}
[293.753437] (-) TimerEvent: {}
[293.855411] (-) TimerEvent: {}
[293.956685] (-) TimerEvent: {}
[294.058203] (-) TimerEvent: {}
[294.159618] (-) TimerEvent: {}
[294.261089] (-) TimerEvent: {}
[294.362611] (-) TimerEvent: {}
[294.463990] (-) TimerEvent: {}
[294.565470] (-) TimerEvent: {}
[294.666790] (-) TimerEvent: {}
[294.768274] (-) TimerEvent: {}
[294.869611] (-) TimerEvent: {}
[294.971212] (-) TimerEvent: {}
[295.072690] (-) TimerEvent: {}
[295.174337] (-) TimerEvent: {}
[295.275915] (-) TimerEvent: {}
[295.377368] (-) TimerEvent: {}
[295.479001] (-) TimerEvent: {}
[295.580513] (-) TimerEvent: {}
[295.682083] (-) TimerEvent: {}
[295.783350] (-) TimerEvent: {}
[295.884716] (-) TimerEvent: {}
[295.986073] (-) TimerEvent: {}
[296.087417] (-) TimerEvent: {}
[296.188711] (-) TimerEvent: {}
[296.290116] (-) TimerEvent: {}
[296.391646] (-) TimerEvent: {}
[296.492922] (-) TimerEvent: {}
[296.594229] (-) TimerEvent: {}
[296.695637] (-) TimerEvent: {}
[296.797134] (-) TimerEvent: {}
[296.898809] (-) TimerEvent: {}
[297.000686] (-) TimerEvent: {}
[297.102570] (-) TimerEvent: {}
[297.204272] (-) TimerEvent: {}
[297.306093] (-) TimerEvent: {}
[297.408197] (-) TimerEvent: {}
[297.510050] (-) TimerEvent: {}
[297.611928] (-) TimerEvent: {}
[297.713644] (-) TimerEvent: {}
[297.815246] (-) TimerEvent: {}
[297.916840] (-) TimerEvent: {}
[298.018717] (-) TimerEvent: {}
[298.120462] (-) TimerEvent: {}
[298.222237] (-) TimerEvent: {}
[298.323948] (-) TimerEvent: {}
[298.425453] (-) TimerEvent: {}
[298.527064] (-) TimerEvent: {}
[298.628547] (-) TimerEvent: {}
[298.730279] (-) TimerEvent: {}
[298.832051] (-) TimerEvent: {}
[298.933868] (-) TimerEvent: {}
[299.035495] (-) TimerEvent: {}
[299.137111] (-) TimerEvent: {}
[299.238703] (-) TimerEvent: {}
[299.340673] (-) TimerEvent: {}
[299.442492] (-) TimerEvent: {}
[299.543722] (-) TimerEvent: {}
[299.645197] (-) TimerEvent: {}
[299.746819] (-) TimerEvent: {}
[299.848377] (-) TimerEvent: {}
[299.950136] (-) TimerEvent: {}
[300.051792] (-) TimerEvent: {}
[300.153565] (-) TimerEvent: {}
[300.255529] (-) TimerEvent: {}
[300.357267] (-) TimerEvent: {}
[300.459134] (-) TimerEvent: {}
[300.560632] (-) TimerEvent: {}
[300.662253] (-) TimerEvent: {}
[300.763838] (-) TimerEvent: {}
[300.865599] (-) TimerEvent: {}
[300.967076] (-) TimerEvent: {}
[301.068664] (-) TimerEvent: {}
[301.170212] (-) TimerEvent: {}
[301.271944] (-) TimerEvent: {}
[301.373457] (-) TimerEvent: {}
[301.474986] (-) TimerEvent: {}
[301.576817] (-) TimerEvent: {}
[301.677983] (-) TimerEvent: {}
[301.779130] (-) TimerEvent: {}
[301.880275] (-) TimerEvent: {}
[301.981381] (-) TimerEvent: {}
[302.082885] (-) TimerEvent: {}
[302.184628] (-) TimerEvent: {}
[302.286245] (-) TimerEvent: {}
[302.387347] (-) TimerEvent: {}
[302.488438] (-) TimerEvent: {}
[302.589617] (-) TimerEvent: {}
[302.690726] (-) TimerEvent: {}
[302.791846] (-) TimerEvent: {}
[302.892895] (-) TimerEvent: {}
[302.994109] (-) TimerEvent: {}
[303.095595] (-) TimerEvent: {}
[303.196926] (-) TimerEvent: {}
[303.298437] (-) TimerEvent: {}
[303.399807] (-) TimerEvent: {}
[303.501326] (-) TimerEvent: {}
[303.602535] (-) TimerEvent: {}
[303.703611] (-) TimerEvent: {}
[303.816654] (-) TimerEvent: {}
[303.919530] (-) TimerEvent: {}
[304.020651] (-) TimerEvent: {}
[304.121785] (-) TimerEvent: {}
[304.222940] (-) TimerEvent: {}
[304.324077] (-) TimerEvent: {}
[304.425170] (-) TimerEvent: {}
[304.526318] (-) TimerEvent: {}
[304.627435] (-) TimerEvent: {}
[304.728594] (-) TimerEvent: {}
[304.829797] (-) TimerEvent: {}
[304.931001] (-) TimerEvent: {}
[305.032094] (-) TimerEvent: {}
[305.133207] (-) TimerEvent: {}
[305.234407] (-) TimerEvent: {}
[305.335567] (-) TimerEvent: {}
[305.436712] (-) TimerEvent: {}
[305.537810] (-) TimerEvent: {}
[305.639030] (-) TimerEvent: {}
[305.740160] (-) TimerEvent: {}
[305.841311] (-) TimerEvent: {}
[305.942515] (-) TimerEvent: {}
[306.043902] (-) TimerEvent: {}
[306.144994] (-) TimerEvent: {}
[306.246159] (-) TimerEvent: {}
[306.347295] (-) TimerEvent: {}
[306.448465] (-) TimerEvent: {}
[306.549609] (-) TimerEvent: {}
[306.650798] (-) TimerEvent: {}
[306.751908] (-) TimerEvent: {}
[306.853069] (-) TimerEvent: {}
[306.954272] (-) TimerEvent: {}
[307.055479] (-) TimerEvent: {}
[307.156805] (-) TimerEvent: {}
[307.258043] (-) TimerEvent: {}
[307.359191] (-) TimerEvent: {}
[307.460362] (-) TimerEvent: {}
[307.561527] (-) TimerEvent: {}
[307.662743] (-) TimerEvent: {}
[307.763838] (-) TimerEvent: {}
[307.864961] (-) TimerEvent: {}
[307.966135] (-) TimerEvent: {}
[308.067291] (-) TimerEvent: {}
[308.168494] (-) TimerEvent: {}
[308.269610] (-) TimerEvent: {}
[308.370795] (-) TimerEvent: {}
[308.471965] (-) TimerEvent: {}
[308.573245] (-) TimerEvent: {}
[308.674492] (-) TimerEvent: {}
[308.775626] (-) TimerEvent: {}
[308.876789] (-) TimerEvent: {}
[308.978021] (-) TimerEvent: {}
[309.079193] (-) TimerEvent: {}
[309.180357] (-) TimerEvent: {}
[309.281527] (-) TimerEvent: {}
[309.382710] (-) TimerEvent: {}
[309.483864] (-) TimerEvent: {}
[309.585035] (-) TimerEvent: {}
[309.686184] (-) TimerEvent: {}
[309.787292] (-) TimerEvent: {}
[309.888426] (-) TimerEvent: {}
[309.989602] (-) TimerEvent: {}
[310.090831] (-) TimerEvent: {}
[310.191962] (-) TimerEvent: {}
[310.293114] (-) TimerEvent: {}
[310.394311] (-) TimerEvent: {}
[310.495460] (-) TimerEvent: {}
[310.596641] (-) TimerEvent: {}
[310.698105] (-) TimerEvent: {}
[310.799192] (-) TimerEvent: {}
[310.900323] (-) TimerEvent: {}
[311.001489] (-) TimerEvent: {}
[311.102792] (-) TimerEvent: {}
[311.203919] (-) TimerEvent: {}
[311.305083] (-) TimerEvent: {}
[311.406211] (-) TimerEvent: {}
[311.507319] (-) TimerEvent: {}
[311.608483] (-) TimerEvent: {}
[311.709609] (-) TimerEvent: {}
[311.810868] (-) TimerEvent: {}
[311.912100] (-) TimerEvent: {}
[312.013248] (-) TimerEvent: {}
[312.114447] (-) TimerEvent: {}
[312.215566] (-) TimerEvent: {}
[312.316737] (-) TimerEvent: {}
[312.417963] (-) TimerEvent: {}
[312.519117] (-) TimerEvent: {}
[312.620290] (-) TimerEvent: {}
[312.721428] (-) TimerEvent: {}
[312.822649] (-) TimerEvent: {}
[312.923770] (-) TimerEvent: {}
[313.025057] (-) TimerEvent: {}
[313.126175] (-) TimerEvent: {}
[313.227324] (-) TimerEvent: {}
[313.328469] (-) TimerEvent: {}
[313.429660] (-) TimerEvent: {}
[313.530913] (-) TimerEvent: {}
[313.632175] (-) TimerEvent: {}
[313.733495] (-) TimerEvent: {}
[313.834877] (-) TimerEvent: {}
[313.936253] (-) TimerEvent: {}
[314.037645] (-) TimerEvent: {}
[314.139093] (-) TimerEvent: {}
[314.240336] (-) TimerEvent: {}
[314.341647] (-) TimerEvent: {}
[314.442940] (-) TimerEvent: {}
[314.544130] (-) TimerEvent: {}
[314.645226] (-) TimerEvent: {}
[314.746359] (-) TimerEvent: {}
[314.847493] (-) TimerEvent: {}
[314.948651] (-) TimerEvent: {}
[315.049764] (-) TimerEvent: {}
[315.150931] (-) TimerEvent: {}
[315.252060] (-) TimerEvent: {}
[315.353251] (-) TimerEvent: {}
[315.454501] (-) TimerEvent: {}
[315.555678] (-) TimerEvent: {}
[315.656935] (-) TimerEvent: {}
[315.758218] (-) TimerEvent: {}
[315.859471] (-) TimerEvent: {}
[315.960821] (-) TimerEvent: {}
[316.062173] (-) TimerEvent: {}
[316.163340] (-) TimerEvent: {}
[316.264856] (-) TimerEvent: {}
[316.366186] (-) TimerEvent: {}
[316.467437] (-) TimerEvent: {}
[316.568722] (-) TimerEvent: {}
[316.669845] (-) TimerEvent: {}
[316.771018] (-) TimerEvent: {}
[316.872204] (-) TimerEvent: {}
[316.973367] (-) TimerEvent: {}
[317.074529] (-) TimerEvent: {}
[317.175714] (-) TimerEvent: {}
[317.277062] (-) TimerEvent: {}
[317.378598] (-) TimerEvent: {}
[317.480175] (-) TimerEvent: {}
[317.581622] (-) TimerEvent: {}
[317.683304] (-) TimerEvent: {}
[317.784816] (-) TimerEvent: {}
[317.886381] (-) TimerEvent: {}
[317.988197] (-) TimerEvent: {}
[318.089610] (-) TimerEvent: {}
[318.191132] (-) TimerEvent: {}
[318.292946] (-) TimerEvent: {}
[318.394625] (-) TimerEvent: {}
[318.552225] (-) TimerEvent: {}
[318.639655] (pc21_sysid) StdoutLine: {'line': b'[ 28%] \x1b[32m\x1b[1mLinking CXX executable maneuver_runner\x1b[0m\n'}
[318.864001] (-) TimerEvent: {}
[318.970795] (-) TimerEvent: {}
[319.071868] (-) TimerEvent: {}
[319.173007] (-) TimerEvent: {}
[319.274495] (-) TimerEvent: {}
[319.375774] (-) TimerEvent: {}
[319.477091] (-) TimerEvent: {}
[319.578982] (-) TimerEvent: {}
[319.680613] (-) TimerEvent: {}
[319.782420] (-) TimerEvent: {}
[319.884182] (-) TimerEvent: {}
[319.985372] (-) TimerEvent: {}
[320.086653] (-) TimerEvent: {}
[320.188253] (-) TimerEvent: {}
[320.290265] (-) TimerEvent: {}
[320.391891] (-) TimerEvent: {}
[320.493497] (-) TimerEvent: {}
[320.595074] (-) TimerEvent: {}
[320.696651] (-) TimerEvent: {}
[320.798437] (-) TimerEvent: {}
[320.899887] (-) TimerEvent: {}
[321.001212] (-) TimerEvent: {}
[321.102576] (-) TimerEvent: {}
[321.204372] (-) TimerEvent: {}
[321.306498] (-) TimerEvent: {}
[321.408060] (-) TimerEvent: {}
[321.509659] (-) TimerEvent: {}
[321.610843] (-) TimerEvent: {}
[321.712034] (-) TimerEvent: {}
[321.813384] (-) TimerEvent: {}
[321.915103] (-) TimerEvent: {}
[322.017314] (-) TimerEvent: {}
[322.119024] (-) TimerEvent: {}
[322.220666] (-) TimerEvent: {}
[322.322500] (-) TimerEvent: {}
[322.424086] (-) TimerEvent: {}
[322.525217] (-) TimerEvent: {}
[322.626721] (-) TimerEvent: {}
[322.728561] (-) TimerEvent: {}
[322.830449] (-) TimerEvent: {}
[322.932121] (-) TimerEvent: {}
[323.033646] (-) TimerEvent: {}
[323.135438] (-) TimerEvent: {}
[323.237179] (-) TimerEvent: {}
[323.338976] (-) TimerEvent: {}
[323.440630] (-) TimerEvent: {}
[323.542096] (-) TimerEvent: {}
[323.643480] (-) TimerEvent: {}
[323.745110] (-) TimerEvent: {}
[323.846491] (-) TimerEvent: {}
[323.947810] (-) TimerEvent: {}
[324.049216] (-) TimerEvent: {}
[324.150566] (-) TimerEvent: {}
[324.251664] (-) TimerEvent: {}
[324.352752] (-) TimerEvent: {}
[324.453796] (-) TimerEvent: {}
[324.554862] (-) TimerEvent: {}
[324.655960] (-) TimerEvent: {}
[324.757082] (-) TimerEvent: {}
[324.858237] (-) TimerEvent: {}
[324.959276] (-) TimerEvent: {}
[325.060324] (-) TimerEvent: {}
[325.161383] (-) TimerEvent: {}
[325.262495] (-) TimerEvent: {}
[325.363554] (-) TimerEvent: {}
[325.464605] (-) TimerEvent: {}
[325.565677] (-) TimerEvent: {}
[325.666793] (-) TimerEvent: {}
[325.767869] (-) TimerEvent: {}
[325.868981] (-) TimerEvent: {}
[325.970014] (-) TimerEvent: {}
[326.071045] (-) TimerEvent: {}
[326.172073] (-) TimerEvent: {}
[326.273278] (-) TimerEvent: {}
[326.374886] (-) TimerEvent: {}
[326.476203] (-) TimerEvent: {}
[326.577224] (-) TimerEvent: {}
[326.678324] (-) TimerEvent: {}
[326.779356] (-) TimerEvent: {}
[326.880476] (-) TimerEvent: {}
[326.981542] (-) TimerEvent: {}
[327.082619] (-) TimerEvent: {}
[327.183664] (-) TimerEvent: {}
[327.284740] (-) TimerEvent: {}
[327.386023] (-) TimerEvent: {}
[327.487205] (-) TimerEvent: {}
[327.588374] (-) TimerEvent: {}
[327.689520] (-) TimerEvent: {}
[327.790718] (-) TimerEvent: {}
[327.891856] (-) TimerEvent: {}
[327.992959] (-) TimerEvent: {}
[328.094112] (-) TimerEvent: {}
[328.195141] (-) TimerEvent: {}
[328.296160] (-) TimerEvent: {}
[328.397198] (-) TimerEvent: {}
[328.498346] (-) TimerEvent: {}
[328.599588] (-) TimerEvent: {}
[328.700644] (-) TimerEvent: {}
[328.801776] (-) TimerEvent: {}
[328.903075] (-) TimerEvent: {}
[329.004296] (-) TimerEvent: {}
[329.105456] (-) TimerEvent: {}
[329.206707] (-) TimerEvent: {}
[329.227624] (pc21_sysid) StdoutLine: {'line': b'[100%] Built target maneuver_runner\n'}
[329.306989] (-) TimerEvent: {}
[329.408232] (-) TimerEvent: {}
[329.509746] (-) TimerEvent: {}
[329.616454] (-) TimerEvent: {}
[329.791062] (-) TimerEvent: {}
[329.885629] (pc21_sysid) CommandEnded: {'returncode': 0}
[330.222488] (-) TimerEvent: {}
[330.305532] (pc21_sysid) JobProgress: {'identifier': 'pc21_sysid', 'progress': 'install'}
[330.327779] (-) TimerEvent: {}
[330.451880] (-) TimerEvent: {}
[330.540380] (pc21_sysid) Command: {'cmd': ['/usr/bin/cmake', '--install', '/home/tud-rpi-msc-bauer/px4_ros_ws/src/pc21_sysid/build/pc21_sysid'], 'cwd': '/home/tud-rpi-msc-bauer/px4_ros_ws/src/pc21_sysid/build/pc21_sysid', 'env': OrderedDict([('LESSOPEN', '| /usr/bin/lesspipe %s'), ('USER', 'tud-rpi-msc-bauer'), ('SSH_CLIENT', '10.128.21.134 44984 22'), ('XDG_SESSION_TYPE', 'tty'), ('SHLVL', '1'), ('LD_LIBRARY_PATH', '/home/tud-rpi-msc-bauer/px4_ros_ws/install/px4_msgs/lib:/home/tud-rpi-msc-bauer/px4_ros_ws/install/pc21_sysid_interfaces/lib:/home/tud-rpi-msc-bauer/px4_ros_uxrce_dds_ws/src/install/microxrcedds_agent/lib:/opt/ros/humble/lib/aarch64-linux-gnu:/opt/ros/humble/lib'), ('MOTD_SHOWN', 'pam'), ('HOME', '/home/tud-rpi-msc-bauer'), ('TERMINFO', '/home/tud-rpi-msc-bauer/.terminfo'), ('OLDPWD', '/home/tud-rpi-msc-bauer/px4_ros_ws/src'), ('SSH_TTY', '/dev/pts/3'), ('ROS_PYTHON_VERSION', '3'), ('DBUS_SESSION_BUS_ADDRESS', 'unix:path=/run/user/1000/bus'), ('COLORTERM', 'truecolor'), ('COLCON_PREFIX_PATH', '/home/tud-rpi-msc-bauer/px4_ros_ws/install:/home/tud-rpi-msc-bauer/px4_ros_uxrce_dds_ws/src/install'), ('ROS_DISTRO', 'humble'), ('LOGNAME', 'tud-rpi-msc-bauer'), ('_', '/usr/bin/colcon'), ('ROS_VERSION', '2'), ('XDG_SESSION_CLASS', 'user'), ('KITTY_PUBLIC_KEY', '1:dI=212VvMQ^>Kp`*QVQXeLVX9gl%!gM9fA0TWcp0'), ('TERM', 'xterm-kitty'), ('XDG_SESSION_ID', '1'), ('ROS_LOCALHOST_ONLY', '0'), ('PATH', '/home/tud-rpi-msc-bauer/px4_ros_uxrce_dds_ws/src/install/microxrcedds_agent/bin:/opt/ros/humble/bin:/usr/local/sbin:/usr/local/bin:/usr/sbin:/usr/bin:/sbin:/bin:/usr/games:/usr/local/games:/snap/bin:/home/tud-rpi-msc-bauer/.local/share/kitty-ssh-kitten/kitty/bin'), ('XDG_RUNTIME_DIR', '/run/user/1000'), ('LANG', 'C.UTF-8'), ('LS_COLORS', 'rs=0:di=01;34:ln=01;36:mh=00:pi=40;33:so=01;35:do=01;35:bd=40;33;01:cd=40;33;01:or=40;31;01:mi=00:su=37;41:sg=30;43:ca=30;41:tw=30;42:ow=34;42:st=37;44:ex=01;32:*.tar=01;31:*.tgz=01;31:*.arc=01;31:*.arj=01;31:*.taz=01;31:*.lha=01;31:*.lz4=01;31:*.lzh=01;31:*.lzma=01;31:*.tlz=01;31:*.txz=01;31:*.tzo=01;31:*.t7z=01;31:*.zip=01;31:*.z=01;31:*.dz=01;31:*.gz=01;31:*.lrz=01;31:*.lz=01;31:*.lzo=01;31:*.xz=01;31:*.zst=01;31:*.tzst=01;31:*.bz2=01;31:*.bz=01;31:*.tbz=01;31:*.tbz2=01;31:*.tz=01;31:*.deb=01;31:*.rpm=01;31:*.jar=01;31:*.war=01;31:*.ear=01;31:*.sar=01;31:*.rar=01;31:*.alz=01;31:*.ace=01;31:*.zoo=01;31:*.cpio=01;31:*.7z=01;31:*.rz=01;31:*.cab=01;31:*.wim=01;31:*.swm=01;31:*.dwm=01;31:*.esd=01;31:*.jpg=01;35:*.jpeg=01;35:*.mjpg=01;35:*.mjpeg=01;35:*.gif=01;35:*.bmp=01;35:*.pbm=01;35:*.pgm=01;35:*.ppm=01;35:*.tga=01;35:*.xbm=01;35:*.xpm=01;35:*.tif=01;35:*.tiff=01;35:*.png=01;35:*.svg=01;35:*.svgz=01;35:*.mng=01;35:*.pcx=01;35:*.mov=01;35:*.mpg=01;35:*.mpeg=01;35:*.m2v=01;35:*.mkv=01;35:*.webm=01;35:*.webp=01;35:*.ogm=01;35:*.mp4=01;35:*.m4v=01;35:*.mp4v=01;35:*.vob=01;35:*.qt=01;35:*.nuv=01;35:*.wmv=01;35:*.asf=01;35:*.rm=01;35:*.rmvb=01;35:*.flc=01;35:*.avi=01;35:*.fli=01;35:*.flv=01;35:*.gl=01;35:*.dl=01;35:*.xcf=01;35:*.xwd=01;35:*.yuv=01;35:*.cgm=01;35:*.emf=01;35:*.ogv=01;35:*.ogx=01;35:*.aac=00;36:*.au=00;36:*.flac=00;36:*.m4a=00;36:*.mid=00;36:*.midi=00;36:*.mka=00;36:*.mp3=00;36:*.mpc=00;36:*.ogg=00;36:*.ra=00;36:*.wav=00;36:*.oga=00;36:*.opus=00;36:*.spx=00;36:*.xspf=00;36:'), ('AMENT_PREFIX_PATH', '/home/tud-rpi-msc-bauer/px4_ros_ws/install/pc21_sysid:/home/tud-rpi-msc-bauer/px4_ros_ws/install/px4_msgs:/home/tud-rpi-msc-bauer/px4_ros_ws/install/pc21_sysid_interfaces:/opt/ros/humble'), ('SHELL', '/bin/bash'), ('KITTY_WINDOW_ID', '18'), ('LESSCLOSE', '/usr/bin/lesspipe %s %s'), ('PWD', '/home/tud-rpi-msc-bauer/px4_ros_ws/src/pc21_sysid/build/pc21_sysid'), ('SSH_CONNECTION', '10.128.21.134 44984 10.128.21.124 22'), ('XDG_DATA_DIRS', '/usr/local/share:/usr/share:/var/lib/snapd/desktop'), ('PYTHONPATH', '/home/tud-rpi-msc-bauer/px4_ros_ws/install/pc21_sysid/local/lib/python3.10/dist-packages:/home/tud-rpi-msc-bauer/px4_ros_ws/install/px4_msgs/local/lib/python3.10/dist-packages:/home/tud-rpi-msc-bauer/px4_ros_ws/install/pc21_sysid_interfaces/local/lib/python3.10/dist-packages:/opt/ros/humble/lib/python3.10/site-packages:/opt/ros/humble/local/lib/python3.10/dist-packages'), ('COLCON', '1'), ('CMAKE_PREFIX_PATH', '/home/tud-rpi-msc-bauer/px4_ros_ws/install/pc21_sysid:/home/tud-rpi-msc-bauer/px4_ros_ws/install/px4_msgs:/home/tud-rpi-msc-bauer/px4_ros_ws/install/pc21_sysid_interfaces:/home/tud-rpi-msc-bauer/px4_ros_uxrce_dds_ws/src/install/microxrcedds_agent:/opt/ros/humble')]), 'shell': False}
[330.574906] (-) TimerEvent: {}
[330.666535] (pc21_sysid) StdoutLine: {'line': b'-- Install configuration: ""\n'}
[330.675219] (-) TimerEvent: {}
[330.676714] (pc21_sysid) StdoutLine: {'line': b'-- Installing: /home/tud-rpi-msc-bauer/px4_ros_ws/src/pc21_sysid/install/pc21_sysid/lib/pc21_sysid/maneuver_runner\n'}
[330.775531] (-) TimerEvent: {}
[330.802678] (pc21_sysid) StdoutLine: {'line': b'-- Set runtime path of "/home/tud-rpi-msc-bauer/px4_ros_ws/src/pc21_sysid/install/pc21_sysid/lib/pc21_sysid/maneuver_runner" to ""\n'}
[330.806613] (pc21_sysid) StdoutLine: {'line': b'-- Installing: /home/tud-rpi-msc-bauer/px4_ros_ws/src/pc21_sysid/install/pc21_sysid/share/pc21_sysid/environment/pythonpath.sh\n'}
[330.810126] (pc21_sysid) StdoutLine: {'line': b'-- Installing: /home/tud-rpi-msc-bauer/px4_ros_ws/src/pc21_sysid/install/pc21_sysid/share/pc21_sysid/environment/pythonpath.dsv\n'}
[330.815023] (pc21_sysid) StdoutLine: {'line': b'-- Installing: /home/tud-rpi-msc-bauer/px4_ros_ws/src/pc21_sysid/install/pc21_sysid/local/lib/python3.10/dist-packages/pc21_sysid-0.1.0-py3.10.egg-info\n'}
[330.818499] (pc21_sysid) StdoutLine: {'line': b'-- Installing: /home/tud-rpi-msc-bauer/px4_ros_ws/src/pc21_sysid/install/pc21_sysid/local/lib/python3.10/dist-packages/pc21_sysid-0.1.0-py3.10.egg-info/PKG-INFO\n'}
[330.822378] (pc21_sysid) StdoutLine: {'line': b'-- Installing: /home/tud-rpi-msc-bauer/px4_ros_ws/src/pc21_sysid/install/pc21_sysid/local/lib/python3.10/dist-packages/pc21_sysid-0.1.0-py3.10.egg-info/top_level.txt\n'}
[330.826227] (pc21_sysid) StdoutLine: {'line': b'-- Installing: /home/tud-rpi-msc-bauer/px4_ros_ws/src/pc21_sysid/install/pc21_sysid/local/lib/python3.10/dist-packages/pc21_sysid-0.1.0-py3.10.egg-info/SOURCES.txt\n'}
[330.830014] (pc21_sysid) StdoutLine: {'line': b'-- Installing: /home/tud-rpi-msc-bauer/px4_ros_ws/src/pc21_sysid/install/pc21_sysid/local/lib/python3.10/dist-packages/pc21_sysid-0.1.0-py3.10.egg-info/dependency_links.txt\n'}
[330.838440] (pc21_sysid) StdoutLine: {'line': b'-- Installing: /home/tud-rpi-msc-bauer/px4_ros_ws/src/pc21_sysid/install/pc21_sysid/local/lib/python3.10/dist-packages/pc21_sysid\n'}
[330.846617] (pc21_sysid) StdoutLine: {'line': b'-- Installing: /home/tud-rpi-msc-bauer/px4_ros_ws/src/pc21_sysid/install/pc21_sysid/local/lib/python3.10/dist-packages/pc21_sysid/__init__.py\n'}
[330.854205] (pc21_sysid) StdoutLine: {'line': b'-- Installing: /home/tud-rpi-msc-bauer/px4_ros_ws/src/pc21_sysid/install/pc21_sysid/local/lib/python3.10/dist-packages/pc21_sysid/angular_velocity_logger.py\n'}
[330.858546] (pc21_sysid) StdoutLine: {'line': b'-- Installing: /home/tud-rpi-msc-bauer/px4_ros_ws/src/pc21_sysid/install/pc21_sysid/local/lib/python3.10/dist-packages/pc21_sysid/manual_control_stub.py\n'}
[330.875804] (-) TimerEvent: {}
[330.976932] (-) TimerEvent: {}
[331.078247] (-) TimerEvent: {}
[331.179658] (-) TimerEvent: {}
[331.280861] (-) TimerEvent: {}
[331.382276] (-) TimerEvent: {}
[331.490773] (-) TimerEvent: {}
[331.592125] (-) TimerEvent: {}
[331.660167] (pc21_sysid) StdoutLine: {'line': b"Listing '/home/tud-rpi-msc-bauer/px4_ros_ws/src/pc21_sysid/install/pc21_sysid/local/lib/python3.10/dist-packages/pc21_sysid'...\n"}
[331.661367] (pc21_sysid) StdoutLine: {'line': b"Compiling '/home/tud-rpi-msc-bauer/px4_ros_ws/src/pc21_sysid/install/pc21_sysid/local/lib/python3.10/dist-packages/pc21_sysid/__init__.py'...\n"}
[331.662524] (pc21_sysid) StdoutLine: {'line': b"Compiling '/home/tud-rpi-msc-bauer/px4_ros_ws/src/pc21_sysid/install/pc21_sysid/local/lib/python3.10/dist-packages/pc21_sysid/angular_velocity_logger.py'...\n"}
[331.663535] (pc21_sysid) StdoutLine: {'line': b"Compiling '/home/tud-rpi-msc-bauer/px4_ros_ws/src/pc21_sysid/install/pc21_sysid/local/lib/python3.10/dist-packages/pc21_sysid/manual_control_stub.py'...\n"}
[331.692409] (-) TimerEvent: {}
[331.717655] (pc21_sysid) StdoutLine: {'line': b'-- Installing: /home/tud-rpi-msc-bauer/px4_ros_ws/src/pc21_sysid/install/pc21_sysid/lib/pc21_sysid/manual_control_stub\n'}
[331.720743] (pc21_sysid) StdoutLine: {'line': b'-- Installing: /home/tud-rpi-msc-bauer/px4_ros_ws/src/pc21_sysid/install/pc21_sysid/lib/pc21_sysid/angular_velocity_logger\n'}
[331.729937] (pc21_sysid) StdoutLine: {'line': b'-- Installing: /home/tud-rpi-msc-bauer/px4_ros_ws/src/pc21_sysid/install/pc21_sysid/share/ament_index/resource_index/package_run_dependencies/pc21_sysid\n'}
[331.736423] (pc21_sysid) StdoutLine: {'line': b'-- Installing: /home/tud-rpi-msc-bauer/px4_ros_ws/src/pc21_sysid/install/pc21_sysid/share/ament_index/resource_index/parent_prefix_path/pc21_sysid\n'}
[331.745433] (pc21_sysid) StdoutLine: {'line': b'-- Installing: /home/tud-rpi-msc-bauer/px4_ros_ws/src/pc21_sysid/install/pc21_sysid/share/pc21_sysid/environment/ament_prefix_path.sh\n'}
[331.750059] (pc21_sysid) StdoutLine: {'line': b'-- Installing: /home/tud-rpi-msc-bauer/px4_ros_ws/src/pc21_sysid/install/pc21_sysid/share/pc21_sysid/environment/ament_prefix_path.dsv\n'}
[331.754448] (pc21_sysid) StdoutLine: {'line': b'-- Installing: /home/tud-rpi-msc-bauer/px4_ros_ws/src/pc21_sysid/install/pc21_sysid/share/pc21_sysid/environment/path.sh\n'}
[331.758271] (pc21_sysid) StdoutLine: {'line': b'-- Installing: /home/tud-rpi-msc-bauer/px4_ros_ws/src/pc21_sysid/install/pc21_sysid/share/pc21_sysid/environment/path.dsv\n'}
[331.762212] (pc21_sysid) StdoutLine: {'line': b'-- Installing: /home/tud-rpi-msc-bauer/px4_ros_ws/src/pc21_sysid/install/pc21_sysid/share/pc21_sysid/local_setup.bash\n'}
[331.765802] (pc21_sysid) StdoutLine: {'line': b'-- Installing: /home/tud-rpi-msc-bauer/px4_ros_ws/src/pc21_sysid/install/pc21_sysid/share/pc21_sysid/local_setup.sh\n'}
[331.769517] (pc21_sysid) StdoutLine: {'line': b'-- Installing: /home/tud-rpi-msc-bauer/px4_ros_ws/src/pc21_sysid/install/pc21_sysid/share/pc21_sysid/local_setup.zsh\n'}
[331.773192] (pc21_sysid) StdoutLine: {'line': b'-- Installing: /home/tud-rpi-msc-bauer/px4_ros_ws/src/pc21_sysid/install/pc21_sysid/share/pc21_sysid/local_setup.dsv\n'}
[331.776778] (pc21_sysid) StdoutLine: {'line': b'-- Installing: /home/tud-rpi-msc-bauer/px4_ros_ws/src/pc21_sysid/install/pc21_sysid/share/pc21_sysid/package.dsv\n'}
[331.782432] (pc21_sysid) StdoutLine: {'line': b'-- Installing: /home/tud-rpi-msc-bauer/px4_ros_ws/src/pc21_sysid/install/pc21_sysid/share/ament_index/resource_index/packages/pc21_sysid\n'}
[331.787226] (pc21_sysid) StdoutLine: {'line': b'-- Installing: /home/tud-rpi-msc-bauer/px4_ros_ws/src/pc21_sysid/install/pc21_sysid/share/pc21_sysid/cmake/pc21_sysidConfig.cmake\n'}
[331.791403] (pc21_sysid) StdoutLine: {'line': b'-- Installing: /home/tud-rpi-msc-bauer/px4_ros_ws/src/pc21_sysid/install/pc21_sysid/share/pc21_sysid/cmake/pc21_sysidConfig-version.cmake\n'}
[331.792613] (-) TimerEvent: {}
[331.795881] (pc21_sysid) StdoutLine: {'line': b'-- Installing: /home/tud-rpi-msc-bauer/px4_ros_ws/src/pc21_sysid/install/pc21_sysid/share/pc21_sysid/package.xml\n'}
[331.817467] (pc21_sysid) CommandEnded: {'returncode': 0}
[331.899763] (-) TimerEvent: {}
[332.058965] (-) TimerEvent: {}
[332.172115] (-) TimerEvent: {}
[332.285124] (-) TimerEvent: {}
[332.392208] (-) TimerEvent: {}
[332.521854] (-) TimerEvent: {}
[332.639945] (-) TimerEvent: {}
[332.741276] (-) TimerEvent: {}
[332.822327] (pc21_sysid) JobEnded: {'identifier': 'pc21_sysid', 'rc': 0}
[332.882319] (-) TimerEvent: {}
[332.883299] (-) EventReactorShutdown: {}
