[0.000000] (-) TimerEvent: {}
[0.002503] (pc21_sysid) JobQueued: {'identifier': 'pc21_sysid', 'dependencies': OrderedDict()}
[0.003156] (pc21_sysid) JobStarted: {'identifier': 'pc21_sysid'}
[0.166798] (-) TimerEvent: {}
[0.176310] (pc21_sysid) JobProgress: {'identifier': 'pc21_sysid', 'progress': 'cmake'}
[0.180663] (pc21_sysid) Command: {'cmd': ['/usr/bin/cmake', '/home/tud-rpi-msc-bauer/px4_ros_ws/src/pc21_sysid', '-DCMAKE_INSTALL_PREFIX=/home/tud-rpi-msc-bauer/px4_ros_ws/src/pc21_sysid/install/pc21_sysid'], 'cwd': '/home/tud-rpi-msc-bauer/px4_ros_ws/src/pc21_sysid/build/pc21_sysid', 'env': OrderedDict([('LESSOPEN', '| /usr/bin/lesspipe %s'), ('USER', 'tud-rpi-msc-bauer'), ('SSH_CLIENT', '10.128.21.134 44984 22'), ('XDG_SESSION_TYPE', 'tty'), ('SHLVL', '1'), ('LD_LIBRARY_PATH', '/home/tud-rpi-msc-bauer/px4_ros_ws/install/px4_msgs/lib:/home/tud-rpi-msc-bauer/px4_ros_ws/install/pc21_sysid_interfaces/lib:/home/tud-rpi-msc-bauer/px4_ros_uxrce_dds_ws/src/install/microxrcedds_agent/lib:/opt/ros/humble/lib/aarch64-linux-gnu:/opt/ros/humble/lib'), ('MOTD_SHOWN', 'pam'), ('HOME', '/home/tud-rpi-msc-bauer'), ('TERMINFO', '/home/tud-rpi-msc-bauer/.terminfo'), ('OLDPWD', '/home/tud-rpi-msc-bauer/px4_ros_ws/src'), ('SSH_TTY', '/dev/pts/3'), ('ROS_PYTHON_VERSION', '3'), ('DBUS_SESSION_BUS_ADDRESS', 'unix:path=/run/user/1000/bus'), ('COLORTERM', 'truecolor'), ('COLCON_PREFIX_PATH', '/home/tud-rpi-msc-bauer/px4_ros_ws/install:/home/tud-rpi-msc-bauer/px4_ros_uxrce_dds_ws/src/install'), ('ROS_DISTRO', 'humble'), ('LOGNAME', 'tud-rpi-msc-bauer'), ('_', '/usr/bin/colcon'), ('ROS_VERSION', '2'), ('XDG_SESSION_CLASS', 'user'), ('KITTY_PUBLIC_KEY', '1:dI=212VvMQ^>Kp`*QVQXeLVX9gl%!gM9fA0TWcp0'), ('TERM', 'xterm-kitty'), ('XDG_SESSION_ID', '1'), ('ROS_LOCALHOST_ONLY', '0'), ('PATH', '/home/tud-rpi-msc-bauer/px4_ros_uxrce_dds_ws/src/install/microxrcedds_agent/bin:/opt/ros/humble/bin:/usr/local/sbin:/usr/local/bin:/usr/sbin:/usr/bin:/sbin:/bin:/usr/games:/usr/local/games:/snap/bin:/home/tud-rpi-msc-bauer/.local/share/kitty-ssh-kitten/kitty/bin'), ('XDG_RUNTIME_DIR', '/run/user/1000'), ('LANG', 'C.UTF-8'), ('LS_COLORS', 'rs=0:di=01;34:ln=01;36:mh=00:pi=40;33:so=01;35:do=01;35:bd=40;33;01:cd=40;33;01:or=40;31;01:mi=00:su=37;41:sg=30;43:ca=30;41:tw=30;42:ow=34;42:st=37;44:ex=01;32:*.tar=01;31:*.tgz=01;31:*.arc=01;31:*.arj=01;31:*.taz=01;31:*.lha=01;31:*.lz4=01;31:*.lzh=01;31:*.lzma=01;31:*.tlz=01;31:*.txz=01;31:*.tzo=01;31:*.t7z=01;31:*.zip=01;31:*.z=01;31:*.dz=01;31:*.gz=01;31:*.lrz=01;31:*.lz=01;31:*.lzo=01;31:*.xz=01;31:*.zst=01;31:*.tzst=01;31:*.bz2=01;31:*.bz=01;31:*.tbz=01;31:*.tbz2=01;31:*.tz=01;31:*.deb=01;31:*.rpm=01;31:*.jar=01;31:*.war=01;31:*.ear=01;31:*.sar=01;31:*.rar=01;31:*.alz=01;31:*.ace=01;31:*.zoo=01;31:*.cpio=01;31:*.7z=01;31:*.rz=01;31:*.cab=01;31:*.wim=01;31:*.swm=01;31:*.dwm=01;31:*.esd=01;31:*.jpg=01;35:*.jpeg=01;35:*.mjpg=01;35:*.mjpeg=01;35:*.gif=01;35:*.bmp=01;35:*.pbm=01;35:*.pgm=01;35:*.ppm=01;35:*.tga=01;35:*.xbm=01;35:*.xpm=01;35:*.tif=01;35:*.tiff=01;35:*.png=01;35:*.svg=01;35:*.svgz=01;35:*.mng=01;35:*.pcx=01;35:*.mov=01;35:*.mpg=01;35:*.mpeg=01;35:*.m2v=01;35:*.mkv=01;35:*.webm=01;35:*.webp=01;35:*.ogm=01;35:*.mp4=01;35:*.m4v=01;35:*.mp4v=01;35:*.vob=01;35:*.qt=01;35:*.nuv=01;35:*.wmv=01;35:*.asf=01;35:*.rm=01;35:*.rmvb=01;35:*.flc=01;35:*.avi=01;35:*.fli=01;35:*.flv=01;35:*.gl=01;35:*.dl=01;35:*.xcf=01;35:*.xwd=01;35:*.yuv=01;35:*.cgm=01;35:*.emf=01;35:*.ogv=01;35:*.ogx=01;35:*.aac=00;36:*.au=00;36:*.flac=00;36:*.m4a=00;36:*.mid=00;36:*.midi=00;36:*.mka=00;36:*.mp3=00;36:*.mpc=00;36:*.ogg=00;36:*.ra=00;36:*.wav=00;36:*.oga=00;36:*.opus=00;36:*.spx=00;36:*.xspf=00;36:'), ('AMENT_PREFIX_PATH', '/home/tud-rpi-msc-bauer/px4_ros_ws/install/pc21_sysid:/home/tud-rpi-msc-bauer/px4_ros_ws/install/px4_msgs:/home/tud-rpi-msc-bauer/px4_ros_ws/install/pc21_sysid_interfaces:/opt/ros/humble'), ('SHELL', '/bin/bash'), ('KITTY_WINDOW_ID', '18'), ('LESSCLOSE', '/usr/bin/lesspipe %s %s'), ('PWD', '/home/tud-rpi-msc-bauer/px4_ros_ws/src/pc21_sysid/build/pc21_sysid'), ('SSH_CONNECTION', '10.128.21.134 44984 10.128.21.124 22'), ('XDG_DATA_DIRS', '/usr/local/share:/usr/share:/var/lib/snapd/desktop'), ('PYTHONPATH', '/home/tud-rpi-msc-bauer/px4_ros_ws/install/pc21_sysid/local/lib/python3.10/dist-packages:/home/tud-rpi-msc-bauer/px4_ros_ws/install/px4_msgs/local/lib/python3.10/dist-packages:/home/tud-rpi-msc-bauer/px4_ros_ws/install/pc21_sysid_interfaces/local/lib/python3.10/dist-packages:/opt/ros/humble/lib/python3.10/site-packages:/opt/ros/humble/local/lib/python3.10/dist-packages'), ('COLCON', '1'), ('CMAKE_PREFIX_PATH', '/home/tud-rpi-msc-bauer/px4_ros_ws/install/pc21_sysid:/home/tud-rpi-msc-bauer/px4_ros_ws/install/px4_msgs:/home/tud-rpi-msc-bauer/px4_ros_ws/install/pc21_sysid_interfaces:/home/tud-rpi-msc-bauer/px4_ros_uxrce_dds_ws/src/install/microxrcedds_agent:/opt/ros/humble')]), 'shell': False}
[0.267180] (-) TimerEvent: {}
[0.368424] (-) TimerEvent: {}
[0.469967] (-) TimerEvent: {}
[0.571233] (-) TimerEvent: {}
[0.672592] (-) TimerEvent: {}
[0.774175] (-) TimerEvent: {}
[0.875924] (-) TimerEvent: {}
[0.977333] (-) TimerEvent: {}
[1.078767] (-) TimerEvent: {}
[1.180610] (-) TimerEvent: {}
[1.282044] (-) TimerEvent: {}
[1.383623] (-) TimerEvent: {}
[1.485012] (-) TimerEvent: {}
[1.586239] (-) TimerEvent: {}
[1.687785] (-) TimerEvent: {}
[1.694374] (pc21_sysid) StdoutLine: {'line': b'-- The C compiler identification is GNU 11.4.0\n'}
[1.788074] (-) TimerEvent: {}
[1.889492] (-) TimerEvent: {}
[1.991373] (-) TimerEvent: {}
[2.092988] (-) TimerEvent: {}
[2.194448] (-) TimerEvent: {}
[2.295983] (-) TimerEvent: {}
[2.397294] (-) TimerEvent: {}
[2.498584] (-) TimerEvent: {}
[2.599927] (-) TimerEvent: {}
[2.636786] (pc21_sysid) StdoutLine: {'line': b'-- The CXX compiler identification is GNU 11.4.0\n'}
[2.700223] (-) TimerEvent: {}
[2.801661] (-) TimerEvent: {}
[2.823667] (pc21_sysid) StdoutLine: {'line': b'-- Detecting C compiler ABI info\n'}
[2.902085] (-) TimerEvent: {}
[3.003538] (-) TimerEvent: {}
[3.105856] (-) TimerEvent: {}
[3.207177] (-) TimerEvent: {}
[3.308414] (-) TimerEvent: {}
[3.409782] (-) TimerEvent: {}
[3.510963] (-) TimerEvent: {}
[3.529268] (pc21_sysid) StdoutLine: {'line': b'-- Detecting C compiler ABI info - done\n'}
[3.588617] (pc21_sysid) StdoutLine: {'line': b'-- Check for working C compiler: /usr/bin/cc - skipped\n'}
[3.592868] (pc21_sysid) StdoutLine: {'line': b'-- Detecting C compile features\n'}
[3.598158] (pc21_sysid) StdoutLine: {'line': b'-- Detecting C compile features - done\n'}
[3.611389] (-) TimerEvent: {}
[3.631921] (pc21_sysid) StdoutLine: {'line': b'-- Detecting CXX compiler ABI info\n'}
[3.711657] (-) TimerEvent: {}
[3.812745] (-) TimerEvent: {}
[3.913940] (-) TimerEvent: {}
[4.015202] (-) TimerEvent: {}
[4.116577] (-) TimerEvent: {}
[4.217955] (-) TimerEvent: {}
[4.319203] (-) TimerEvent: {}
[4.373790] (pc21_sysid) StdoutLine: {'line': b'-- Detecting CXX compiler ABI info - done\n'}
[4.419508] (-) TimerEvent: {}
[4.435915] (pc21_sysid) StdoutLine: {'line': b'-- Check for working CXX compiler: /usr/bin/c++ - skipped\n'}
[4.438022] (pc21_sysid) StdoutLine: {'line': b'-- Detecting CXX compile features\n'}
[4.441464] (pc21_sysid) StdoutLine: {'line': b'-- Detecting CXX compile features - done\n'}
[4.519776] (-) TimerEvent: {}
[4.547878] (pc21_sysid) StdoutLine: {'line': b'-- Found ament_cmake: 1.3.14 (/opt/ros/humble/share/ament_cmake/cmake)\n'}
[4.620062] (-) TimerEvent: {}
[4.721229] (-) TimerEvent: {}
[4.822519] (-) TimerEvent: {}
[4.923809] (-) TimerEvent: {}
[5.025078] (-) TimerEvent: {}
[5.126375] (-) TimerEvent: {}
[5.227853] (-) TimerEvent: {}
[5.329045] (-) TimerEvent: {}
[5.430201] (-) TimerEvent: {}
[5.531526] (-) TimerEvent: {}
[5.632680] (-) TimerEvent: {}
[5.733961] (-) TimerEvent: {}
[5.835147] (-) TimerEvent: {}
[5.936417] (-) TimerEvent: {}
[6.037475] (-) TimerEvent: {}
[6.129887] (pc21_sysid) StdoutLine: {'line': b'-- Found Python3: /usr/bin/python3 (found version "3.10.12") found components: Interpreter \n'}
[6.137806] (-) TimerEvent: {}
[6.239382] (-) TimerEvent: {}
[6.340497] (-) TimerEvent: {}
[6.441647] (-) TimerEvent: {}
[6.542889] (-) TimerEvent: {}
[6.644244] (-) TimerEvent: {}
[6.745735] (-) TimerEvent: {}
[6.847216] (-) TimerEvent: {}
[6.948758] (-) TimerEvent: {}
[7.050015] (-) TimerEvent: {}
[7.151118] (-) TimerEvent: {}
[7.252270] (-) TimerEvent: {}
[7.353606] (-) TimerEvent: {}
[7.417512] (pc21_sysid) StdoutLine: {'line': b'-- Found rclcpp: 16.0.19 (/opt/ros/humble/share/rclcpp/cmake)\n'}
[7.453910] (-) TimerEvent: {}
[7.555383] (-) TimerEvent: {}
[7.656626] (-) TimerEvent: {}
[7.758367] (-) TimerEvent: {}
[7.859747] (-) TimerEvent: {}
[7.960915] (-) TimerEvent: {}
[8.062053] (-) TimerEvent: {}
[8.163234] (-) TimerEvent: {}
[8.264629] (-) TimerEvent: {}
[8.359321] (pc21_sysid) StdoutLine: {'line': b'-- Found rosidl_generator_c: 3.1.8 (/opt/ros/humble/share/rosidl_generator_c/cmake)\n'}
[8.364921] (-) TimerEvent: {}
[8.463241] (pc21_sysid) StdoutLine: {'line': b'-- Found rosidl_adapter: 3.1.8 (/opt/ros/humble/share/rosidl_adapter/cmake)\n'}
[8.465094] (-) TimerEvent: {}
[8.566157] (-) TimerEvent: {}
[8.617629] (pc21_sysid) StdoutLine: {'line': b'-- Found rosidl_generator_cpp: 3.1.8 (/opt/ros/humble/share/rosidl_generator_cpp/cmake)\n'}
[8.666404] (-) TimerEvent: {}
[8.767565] (-) TimerEvent: {}
[8.827224] (pc21_sysid) StdoutLine: {'line': b'-- Using all available rosidl_typesupport_c: rosidl_typesupport_fastrtps_c;rosidl_typesupport_introspection_c\n'}
[8.867880] (-) TimerEvent: {}
[8.969072] (-) TimerEvent: {}
[9.070185] (-) TimerEvent: {}
[9.081634] (pc21_sysid) StdoutLine: {'line': b'-- Using all available rosidl_typesupport_cpp: rosidl_typesupport_fastrtps_cpp;rosidl_typesupport_introspection_cpp\n'}
[9.170467] (-) TimerEvent: {}
[9.271681] (-) TimerEvent: {}
[9.372918] (-) TimerEvent: {}
[9.474140] (-) TimerEvent: {}
[9.575488] (-) TimerEvent: {}
[9.676640] (-) TimerEvent: {}
[9.777738] (-) TimerEvent: {}
[9.815149] (pc21_sysid) StdoutLine: {'line': b'-- Found rmw_implementation_cmake: 6.1.2 (/opt/ros/humble/share/rmw_implementation_cmake/cmake)\n'}
[9.870075] (pc21_sysid) StdoutLine: {'line': b'-- Found rmw_fastrtps_cpp: 6.2.10 (/opt/ros/humble/share/rmw_fastrtps_cpp/cmake)\n'}
[9.878133] (-) TimerEvent: {}
[9.979488] (-) TimerEvent: {}
[10.080830] (-) TimerEvent: {}
[10.181994] (-) TimerEvent: {}
[10.283549] (-) TimerEvent: {}
[10.384858] (-) TimerEvent: {}
[10.486155] (-) TimerEvent: {}
[10.587690] (-) TimerEvent: {}
[10.688938] (-) TimerEvent: {}
[10.790225] (-) TimerEvent: {}
[10.891453] (-) TimerEvent: {}
[10.992654] (-) TimerEvent: {}
[11.013632] (pc21_sysid) StdoutLine: {'line': b'-- Found OpenSSL: /usr/lib/aarch64-linux-gnu/libcrypto.so (found version "3.0.2")  \n'}
[11.092891] (-) TimerEvent: {}
[11.194003] (-) TimerEvent: {}
[11.267167] (pc21_sysid) StdoutLine: {'line': b'-- Found FastRTPS: /opt/ros/humble/include  \n'}
[11.294321] (-) TimerEvent: {}
[11.395487] (-) TimerEvent: {}
[11.496547] (-) TimerEvent: {}
[11.597682] (-) TimerEvent: {}
[11.670374] (pc21_sysid) StdoutLine: {'line': b"-- Using RMW implementation 'rmw_fastrtps_cpp' as default\n"}
[11.697945] (-) TimerEvent: {}
[11.799107] (-) TimerEvent: {}
[11.839031] (pc21_sysid) StdoutLine: {'line': b'-- Looking for pthread.h\n'}
[11.899483] (-) TimerEvent: {}
[12.000875] (-) TimerEvent: {}
[12.102185] (-) TimerEvent: {}
[12.203530] (-) TimerEvent: {}
[12.304765] (-) TimerEvent: {}
[12.406084] (-) TimerEvent: {}
[12.507429] (-) TimerEvent: {}
[12.576265] (pc21_sysid) StdoutLine: {'line': b'-- Looking for pthread.h - found\n'}
[12.578494] (pc21_sysid) StdoutLine: {'line': b'-- Performing Test CMAKE_HAVE_LIBC_PTHREAD\n'}
[12.607671] (-) TimerEvent: {}
[12.708776] (-) TimerEvent: {}
[12.810039] (-) TimerEvent: {}
[12.911214] (-) TimerEvent: {}
[13.012807] (-) TimerEvent: {}
[13.113945] (-) TimerEvent: {}
[13.215022] (-) TimerEvent: {}
[13.307693] (pc21_sysid) StdoutLine: {'line': b'-- Performing Test CMAKE_HAVE_LIBC_PTHREAD - Success\n'}
[13.315321] (-) TimerEvent: {}
[13.317249] (pc21_sysid) StdoutLine: {'line': b'-- Found Threads: TRUE  \n'}
[13.415512] (-) TimerEvent: {}
[13.516758] (-) TimerEvent: {}
[13.617888] (-) TimerEvent: {}
[13.719023] (-) TimerEvent: {}
[13.820416] (-) TimerEvent: {}
[13.921605] (-) TimerEvent: {}
[14.022789] (-) TimerEvent: {}
[14.064395] (pc21_sysid) StdoutLine: {'line': b'-- Found rclpy: 3.3.21 (/opt/ros/humble/share/rclpy/cmake)\n'}
[14.103584] (pc21_sysid) StdoutLine: {'line': b'-- Found std_srvs: 4.9.1 (/opt/ros/humble/share/std_srvs/cmake)\n'}
[14.123078] (-) TimerEvent: {}
[14.224274] (-) TimerEvent: {}
[14.235967] (pc21_sysid) StdoutLine: {'line': b'-- Found px4_msgs: 2.0.1 (/home/tud-rpi-msc-bauer/px4_ros_ws/install/px4_msgs/share/px4_msgs/cmake)\n'}
[14.324569] (-) TimerEvent: {}
[14.401607] (pc21_sysid) StdoutLine: {'line': b'-- Found pc21_sysid_interfaces: 0.0.0 (/home/tud-rpi-msc-bauer/px4_ros_ws/install/pc21_sysid_interfaces/share/pc21_sysid_interfaces/cmake)\n'}
[14.424824] (-) TimerEvent: {}
[14.525939] (-) TimerEvent: {}
[14.627148] (-) TimerEvent: {}
[14.728404] (-) TimerEvent: {}
[14.829636] (-) TimerEvent: {}
[14.930818] (-) TimerEvent: {}
[15.032109] (-) TimerEvent: {}
[15.133297] (-) TimerEvent: {}
[15.234521] (-) TimerEvent: {}
[15.335964] (-) TimerEvent: {}
[15.365018] (pc21_sysid) StdoutLine: {'line': b'-- Found ament_lint_auto: 0.12.15 (/opt/ros/humble/share/ament_lint_auto/cmake)\n'}
[15.436204] (-) TimerEvent: {}
[15.537339] (-) TimerEvent: {}
[15.638508] (-) TimerEvent: {}
[15.739566] (-) TimerEvent: {}
[15.840616] (-) TimerEvent: {}
[15.941744] (-) TimerEvent: {}
[16.042916] (-) TimerEvent: {}
[16.144102] (-) TimerEvent: {}
[16.245208] (-) TimerEvent: {}
[16.346328] (-) TimerEvent: {}
[16.447886] (-) TimerEvent: {}
[16.548970] (-) TimerEvent: {}
[16.650151] (-) TimerEvent: {}
[16.652921] (pc21_sysid) StdoutLine: {'line': b"-- Added test 'cppcheck' to perform static code analysis on C / C++ code\n"}
[16.654332] (pc21_sysid) StdoutLine: {'line': b'-- Configured cppcheck include dirs: $<BUILD_INTERFACE:/home/tud-rpi-msc-bauer/px4_ros_ws/src/pc21_sysid/include>\n'}
[16.655250] (pc21_sysid) StdoutLine: {'line': b'-- Configured cppcheck exclude dirs and/or files: \n'}
[16.696427] (pc21_sysid) StdoutLine: {'line': b"-- Added test 'flake8' to check Python code syntax and style conventions\n"}
[16.750433] (-) TimerEvent: {}
[16.773558] (pc21_sysid) StdoutLine: {'line': b"-- Added test 'lint_cmake' to check CMake code style\n"}
[16.816855] (pc21_sysid) StdoutLine: {'line': b"-- Added test 'pep257' to check Python code against some of the docstring style conventions in PEP 257\n"}
[16.850721] (-) TimerEvent: {}
[16.951848] (-) TimerEvent: {}
[17.052925] (-) TimerEvent: {}
[17.106309] (pc21_sysid) StdoutLine: {'line': b"-- Added test 'uncrustify' to check C / C++ code style\n"}
[17.107473] (pc21_sysid) StdoutLine: {'line': b'-- Configured uncrustify additional arguments: \n'}
[17.149300] (pc21_sysid) StdoutLine: {'line': b"-- Added test 'xmllint' to check XML markup files\n"}
[17.153119] (-) TimerEvent: {}
[17.170596] (pc21_sysid) StdoutLine: {'line': b'-- Configuring done\n'}
[17.253409] (-) TimerEvent: {}
[17.326360] (pc21_sysid) StdoutLine: {'line': b'-- Generating done\n'}
[17.353692] (-) TimerEvent: {}
[17.370564] (pc21_sysid) StdoutLine: {'line': b'-- Build files have been written to: /home/tud-rpi-msc-bauer/px4_ros_ws/src/pc21_sysid/build/pc21_sysid\n'}
[17.442491] (pc21_sysid) CommandEnded: {'returncode': 0}
[17.446203] (pc21_sysid) JobProgress: {'identifier': 'pc21_sysid', 'progress': 'build'}
[17.456672] (pc21_sysid) Command: {'cmd': ['/usr/bin/cmake', '--build', '/home/tud-rpi-msc-bauer/px4_ros_ws/src/pc21_sysid/build/pc21_sysid', '--', '-j4', '-l4'], 'cwd': '/home/tud-rpi-msc-bauer/px4_ros_ws/src/pc21_sysid/build/pc21_sysid', 'env': OrderedDict([('LESSOPEN', '| /usr/bin/lesspipe %s'), ('USER', 'tud-rpi-msc-bauer'), ('SSH_CLIENT', '10.128.21.134 44984 22'), ('XDG_SESSION_TYPE', 'tty'), ('SHLVL', '1'), ('LD_LIBRARY_PATH', '/home/tud-rpi-msc-bauer/px4_ros_ws/install/px4_msgs/lib:/home/tud-rpi-msc-bauer/px4_ros_ws/install/pc21_sysid_interfaces/lib:/home/tud-rpi-msc-bauer/px4_ros_uxrce_dds_ws/src/install/microxrcedds_agent/lib:/opt/ros/humble/lib/aarch64-linux-gnu:/opt/ros/humble/lib'), ('MOTD_SHOWN', 'pam'), ('HOME', '/home/tud-rpi-msc-bauer'), ('TERMINFO', '/home/tud-rpi-msc-bauer/.terminfo'), ('OLDPWD', '/home/tud-rpi-msc-bauer/px4_ros_ws/src'), ('SSH_TTY', '/dev/pts/3'), ('ROS_PYTHON_VERSION', '3'), ('DBUS_SESSION_BUS_ADDRESS', 'unix:path=/run/user/1000/bus'), ('COLORTERM', 'truecolor'), ('COLCON_PREFIX_PATH', '/home/tud-rpi-msc-bauer/px4_ros_ws/install:/home/tud-rpi-msc-bauer/px4_ros_uxrce_dds_ws/src/install'), ('ROS_DISTRO', 'humble'), ('LOGNAME', 'tud-rpi-msc-bauer'), ('_', '/usr/bin/colcon'), ('ROS_VERSION', '2'), ('XDG_SESSION_CLASS', 'user'), ('KITTY_PUBLIC_KEY', '1:dI=212VvMQ^>Kp`*QVQXeLVX9gl%!gM9fA0TWcp0'), ('TERM', 'xterm-kitty'), ('XDG_SESSION_ID', '1'), ('ROS_LOCALHOST_ONLY', '0'), ('PATH', '/home/tud-rpi-msc-bauer/px4_ros_uxrce_dds_ws/src/install/microxrcedds_agent/bin:/opt/ros/humble/bin:/usr/local/sbin:/usr/local/bin:/usr/sbin:/usr/bin:/sbin:/bin:/usr/games:/usr/local/games:/snap/bin:/home/tud-rpi-msc-bauer/.local/share/kitty-ssh-kitten/kitty/bin'), ('XDG_RUNTIME_DIR', '/run/user/1000'), ('LANG', 'C.UTF-8'), ('LS_COLORS', 'rs=0:di=01;34:ln=01;36:mh=00:pi=40;33:so=01;35:do=01;35:bd=40;33;01:cd=40;33;01:or=40;31;01:mi=00:su=37;41:sg=30;43:ca=30;41:tw=30;42:ow=34;42:st=37;44:ex=01;32:*.tar=01;31:*.tgz=01;31:*.arc=01;31:*.arj=01;31:*.taz=01;31:*.lha=01;31:*.lz4=01;31:*.lzh=01;31:*.lzma=01;31:*.tlz=01;31:*.txz=01;31:*.tzo=01;31:*.t7z=01;31:*.zip=01;31:*.z=01;31:*.dz=01;31:*.gz=01;31:*.lrz=01;31:*.lz=01;31:*.lzo=01;31:*.xz=01;31:*.zst=01;31:*.tzst=01;31:*.bz2=01;31:*.bz=01;31:*.tbz=01;31:*.tbz2=01;31:*.tz=01;31:*.deb=01;31:*.rpm=01;31:*.jar=01;31:*.war=01;31:*.ear=01;31:*.sar=01;31:*.rar=01;31:*.alz=01;31:*.ace=01;31:*.zoo=01;31:*.cpio=01;31:*.7z=01;31:*.rz=01;31:*.cab=01;31:*.wim=01;31:*.swm=01;31:*.dwm=01;31:*.esd=01;31:*.jpg=01;35:*.jpeg=01;35:*.mjpg=01;35:*.mjpeg=01;35:*.gif=01;35:*.bmp=01;35:*.pbm=01;35:*.pgm=01;35:*.ppm=01;35:*.tga=01;35:*.xbm=01;35:*.xpm=01;35:*.tif=01;35:*.tiff=01;35:*.png=01;35:*.svg=01;35:*.svgz=01;35:*.mng=01;35:*.pcx=01;35:*.mov=01;35:*.mpg=01;35:*.mpeg=01;35:*.m2v=01;35:*.mkv=01;35:*.webm=01;35:*.webp=01;35:*.ogm=01;35:*.mp4=01;35:*.m4v=01;35:*.mp4v=01;35:*.vob=01;35:*.qt=01;35:*.nuv=01;35:*.wmv=01;35:*.asf=01;35:*.rm=01;35:*.rmvb=01;35:*.flc=01;35:*.avi=01;35:*.fli=01;35:*.flv=01;35:*.gl=01;35:*.dl=01;35:*.xcf=01;35:*.xwd=01;35:*.yuv=01;35:*.cgm=01;35:*.emf=01;35:*.ogv=01;35:*.ogx=01;35:*.aac=00;36:*.au=00;36:*.flac=00;36:*.m4a=00;36:*.mid=00;36:*.midi=00;36:*.mka=00;36:*.mp3=00;36:*.mpc=00;36:*.ogg=00;36:*.ra=00;36:*.wav=00;36:*.oga=00;36:*.opus=00;36:*.spx=00;36:*.xspf=00;36:'), ('AMENT_PREFIX_PATH', '/home/tud-rpi-msc-bauer/px4_ros_ws/install/pc21_sysid:/home/tud-rpi-msc-bauer/px4_ros_ws/install/px4_msgs:/home/tud-rpi-msc-bauer/px4_ros_ws/install/pc21_sysid_interfaces:/opt/ros/humble'), ('SHELL', '/bin/bash'), ('KITTY_WINDOW_ID', '18'), ('LESSCLOSE', '/usr/bin/lesspipe %s %s'), ('PWD', '/home/tud-rpi-msc-bauer/px4_ros_ws/src/pc21_sysid/build/pc21_sysid'), ('SSH_CONNECTION', '10.128.21.134 44984 10.128.21.124 22'), ('XDG_DATA_DIRS', '/usr/local/share:/usr/share:/var/lib/snapd/desktop'), ('PYTHONPATH', '/home/tud-rpi-msc-bauer/px4_ros_ws/install/pc21_sysid/local/lib/python3.10/dist-packages:/home/tud-rpi-msc-bauer/px4_ros_ws/install/px4_msgs/local/lib/python3.10/dist-packages:/home/tud-rpi-msc-bauer/px4_ros_ws/install/pc21_sysid_interfaces/local/lib/python3.10/dist-packages:/opt/ros/humble/lib/python3.10/site-packages:/opt/ros/humble/local/lib/python3.10/dist-packages'), ('COLCON', '1'), ('CMAKE_PREFIX_PATH', '/home/tud-rpi-msc-bauer/px4_ros_ws/install/pc21_sysid:/home/tud-rpi-msc-bauer/px4_ros_ws/install/px4_msgs:/home/tud-rpi-msc-bauer/px4_ros_ws/install/pc21_sysid_interfaces:/home/tud-rpi-msc-bauer/px4_ros_uxrce_dds_ws/src/install/microxrcedds_agent:/opt/ros/humble')]), 'shell': False}
[17.467217] (-) TimerEvent: {}
[17.571389] (-) TimerEvent: {}
[17.672751] (-) TimerEvent: {}
[17.774301] (-) TimerEvent: {}
[17.876149] (-) TimerEvent: {}
[17.913292] (pc21_sysid) StdoutLine: {'line': b'[ 14%] \x1b[32mBuilding CXX object CMakeFiles/maneuver_runner.dir/src/main.cpp.o\x1b[0m\n'}
[17.921952] (pc21_sysid) StdoutLine: {'line': b'[ 28%] \x1b[32mBuilding CXX object CMakeFiles/maneuver_runner.dir/src/maneuver_runner.cpp.o\x1b[0m\n'}
[17.931784] (pc21_sysid) StdoutLine: {'line': b'[ 42%] \x1b[32mBuilding CXX object CMakeFiles/maneuver_runner.dir/src/maneuvers/doublet.cpp.o\x1b[0m\n'}
[17.976485] (-) TimerEvent: {}
[17.999874] (pc21_sysid) StdoutLine: {'line': b'[ 42%] Built target ament_cmake_python_copy_pc21_sysid\n'}
[18.076739] (-) TimerEvent: {}
[18.079142] (pc21_sysid) StdoutLine: {'line': b'[ 57%] \x1b[32mBuilding CXX object CMakeFiles/maneuver_runner.dir/src/maneuvers/multistep_3211.cpp.o\x1b[0m\n'}
[18.177078] (-) TimerEvent: {}
[18.279482] (-) TimerEvent: {}
[18.381684] (-) TimerEvent: {}
[18.483867] (-) TimerEvent: {}
[18.586015] (-) TimerEvent: {}
[18.688303] (-) TimerEvent: {}
[18.790567] (-) TimerEvent: {}
[18.892703] (-) TimerEvent: {}
[18.993870] (-) TimerEvent: {}
[19.096193] (-) TimerEvent: {}
[19.198383] (-) TimerEvent: {}
[19.300547] (-) TimerEvent: {}
[19.403936] (-) TimerEvent: {}
[19.505167] (-) TimerEvent: {}
[19.606380] (-) TimerEvent: {}
[19.707572] (-) TimerEvent: {}
[19.809190] (-) TimerEvent: {}
[19.910360] (-) TimerEvent: {}
[20.012806] (-) TimerEvent: {}
[20.115209] (-) TimerEvent: {}
[20.216626] (-) TimerEvent: {}
[20.317878] (-) TimerEvent: {}
[20.419120] (-) TimerEvent: {}
[20.520447] (-) TimerEvent: {}
[20.622179] (-) TimerEvent: {}
[20.723484] (-) TimerEvent: {}
[20.824842] (-) TimerEvent: {}
[20.926269] (-) TimerEvent: {}
[21.030426] (-) TimerEvent: {}
[21.133977] (-) TimerEvent: {}
[21.237642] (-) TimerEvent: {}
[21.341134] (-) TimerEvent: {}
[21.445252] (-) TimerEvent: {}
[21.549201] (-) TimerEvent: {}
[21.652630] (-) TimerEvent: {}
[21.756052] (-) TimerEvent: {}
[21.857818] (-) TimerEvent: {}
[21.960655] (-) TimerEvent: {}
[22.064035] (-) TimerEvent: {}
[22.165777] (-) TimerEvent: {}
[22.269303] (-) TimerEvent: {}
[22.370741] (-) TimerEvent: {}
[22.472268] (-) TimerEvent: {}
[22.573691] (-) TimerEvent: {}
[22.675308] (-) TimerEvent: {}
[22.777914] (-) TimerEvent: {}
[22.891053] (-) TimerEvent: {}
[22.994513] (-) TimerEvent: {}
[23.097068] (-) TimerEvent: {}
[23.200349] (-) TimerEvent: {}
[23.303674] (-) TimerEvent: {}
[23.406735] (-) TimerEvent: {}
[23.510280] (-) TimerEvent: {}
[23.613818] (-) TimerEvent: {}
[23.717471] (-) TimerEvent: {}
[23.821136] (-) TimerEvent: {}
[23.924705] (-) TimerEvent: {}
[24.028458] (-) TimerEvent: {}
[24.132100] (-) TimerEvent: {}
[24.235734] (-) TimerEvent: {}
[24.340307] (-) TimerEvent: {}
[24.442027] (-) TimerEvent: {}
[24.546133] (-) TimerEvent: {}
[24.649244] (-) TimerEvent: {}
[24.751081] (-) TimerEvent: {}
[24.853033] (-) TimerEvent: {}
[24.954979] (-) TimerEvent: {}
[25.057164] (-) TimerEvent: {}
[25.159462] (-) TimerEvent: {}
[25.261323] (-) TimerEvent: {}
[25.364528] (-) TimerEvent: {}
[25.467536] (-) TimerEvent: {}
[25.569703] (-) TimerEvent: {}
[25.671702] (-) TimerEvent: {}
[25.773682] (-) TimerEvent: {}
[25.875733] (-) TimerEvent: {}
[25.977958] (-) TimerEvent: {}
[26.080191] (-) TimerEvent: {}
[26.182288] (-) TimerEvent: {}
[26.284786] (-) TimerEvent: {}
[26.387365] (-) TimerEvent: {}
[26.489824] (-) TimerEvent: {}
[26.592401] (-) TimerEvent: {}
[26.694616] (-) TimerEvent: {}
[26.796691] (-) TimerEvent: {}
[26.898507] (-) TimerEvent: {}
[27.002348] (-) TimerEvent: {}
[27.105805] (-) TimerEvent: {}
[27.209412] (-) TimerEvent: {}
[27.312853] (-) TimerEvent: {}
[27.416667] (-) TimerEvent: {}
[27.520771] (-) TimerEvent: {}
[27.624486] (-) TimerEvent: {}
[27.728421] (-) TimerEvent: {}
[27.833696] (-) TimerEvent: {}
[27.943984] (-) TimerEvent: {}
[28.045822] (-) TimerEvent: {}
[28.147971] (-) TimerEvent: {}
[28.252258] (-) TimerEvent: {}
[28.355725] (-) TimerEvent: {}
[28.459760] (-) TimerEvent: {}
[28.564735] (-) TimerEvent: {}
[28.668043] (-) TimerEvent: {}
[28.772304] (-) TimerEvent: {}
[28.874220] (-) TimerEvent: {}
[28.976258] (-) TimerEvent: {}
[29.078460] (-) TimerEvent: {}
[29.180812] (-) TimerEvent: {}
[29.282371] (-) TimerEvent: {}
[29.384135] (-) TimerEvent: {}
[29.485979] (-) TimerEvent: {}
[29.588093] (-) TimerEvent: {}
[29.689862] (-) TimerEvent: {}
[29.791628] (-) TimerEvent: {}
[29.893836] (-) TimerEvent: {}
[29.996098] (-) TimerEvent: {}
[30.099100] (-) TimerEvent: {}
[30.201732] (-) TimerEvent: {}
[30.312909] (-) TimerEvent: {}
[30.414706] (-) TimerEvent: {}
[30.529467] (-) TimerEvent: {}
[30.648044] (-) TimerEvent: {}
[30.749923] (-) TimerEvent: {}
[30.857963] (-) TimerEvent: {}
[30.959896] (-) TimerEvent: {}
[31.061781] (-) TimerEvent: {}
[31.164405] (-) TimerEvent: {}
[31.266212] (-) TimerEvent: {}
[31.367955] (-) TimerEvent: {}
[31.479181] (-) TimerEvent: {}
[31.597479] (-) TimerEvent: {}
[31.710507] (-) TimerEvent: {}
[31.812369] (-) TimerEvent: {}
[31.914057] (-) TimerEvent: {}
[32.015600] (-) TimerEvent: {}
[32.116929] (-) TimerEvent: {}
[32.218816] (-) TimerEvent: {}
[32.321120] (-) TimerEvent: {}
[32.422486] (-) TimerEvent: {}
[32.524672] (-) TimerEvent: {}
[32.626277] (-) TimerEvent: {}
[32.727988] (-) TimerEvent: {}
[32.829807] (-) TimerEvent: {}
[32.932130] (-) TimerEvent: {}
[33.033869] (-) TimerEvent: {}
[33.135455] (-) TimerEvent: {}
[33.237661] (-) TimerEvent: {}
[33.339810] (-) TimerEvent: {}
[33.443539] (-) TimerEvent: {}
[33.551602] (-) TimerEvent: {}
[33.652944] (-) TimerEvent: {}
[33.757071] (-) TimerEvent: {}
[33.859779] (-) TimerEvent: {}
[33.963540] (-) TimerEvent: {}
[34.065945] (-) TimerEvent: {}
[34.167889] (-) TimerEvent: {}
[34.269642] (-) TimerEvent: {}
[34.371137] (-) TimerEvent: {}
[34.472739] (-) TimerEvent: {}
[34.574549] (-) TimerEvent: {}
[34.676186] (-) TimerEvent: {}
[34.777970] (-) TimerEvent: {}
[34.879784] (-) TimerEvent: {}
[34.981350] (-) TimerEvent: {}
[35.083132] (-) TimerEvent: {}
[35.184528] (-) TimerEvent: {}
[35.285999] (-) TimerEvent: {}
[35.387503] (-) TimerEvent: {}
[35.488901] (-) TimerEvent: {}
[35.590429] (-) TimerEvent: {}
[35.691927] (-) TimerEvent: {}
[35.793515] (-) TimerEvent: {}
[35.903129] (-) TimerEvent: {}
[36.004999] (-) TimerEvent: {}
[36.106675] (-) TimerEvent: {}
[36.208713] (-) TimerEvent: {}
[36.310890] (-) TimerEvent: {}
[36.415678] (-) TimerEvent: {}
[36.526960] (-) TimerEvent: {}
[36.639171] (-) TimerEvent: {}
[36.745112] (-) TimerEvent: {}
[36.856608] (-) TimerEvent: {}
[36.964130] (-) TimerEvent: {}
[37.068711] (-) TimerEvent: {}
[37.170986] (-) TimerEvent: {}
[37.272855] (-) TimerEvent: {}
[37.374008] (-) TimerEvent: {}
[37.476235] (-) TimerEvent: {}
[37.577692] (-) TimerEvent: {}
[37.679584] (-) TimerEvent: {}
[37.781162] (-) TimerEvent: {}
[37.882997] (-) TimerEvent: {}
[37.984711] (-) TimerEvent: {}
[38.086665] (-) TimerEvent: {}
[39.853675] (-) TimerEvent: {}
[39.955048] (-) TimerEvent: {}
[40.056398] (-) TimerEvent: {}
[40.157816] (-) TimerEvent: {}
[40.259380] (-) TimerEvent: {}
[40.360833] (-) TimerEvent: {}
[40.462813] (-) TimerEvent: {}
[40.565949] (-) TimerEvent: {}
[40.668215] (-) TimerEvent: {}
[40.770241] (-) TimerEvent: {}
[40.872098] (-) TimerEvent: {}
[40.974299] (-) TimerEvent: {}
[41.078307] (-) TimerEvent: {}
[41.182406] (-) TimerEvent: {}
[41.285841] (-) TimerEvent: {}
[41.387107] (-) TimerEvent: {}
[41.488812] (-) TimerEvent: {}
[41.590412] (-) TimerEvent: {}
[41.692470] (-) TimerEvent: {}
[41.794438] (-) TimerEvent: {}
[41.896438] (-) TimerEvent: {}
[41.997874] (-) TimerEvent: {}
[42.099118] (-) TimerEvent: {}
[42.200973] (-) TimerEvent: {}
[42.302629] (-) TimerEvent: {}
[42.404500] (-) TimerEvent: {}
[42.506164] (-) TimerEvent: {}
[42.607997] (-) TimerEvent: {}
[42.709760] (-) TimerEvent: {}
[42.811567] (-) TimerEvent: {}
[42.912783] (-) TimerEvent: {}
[43.014443] (-) TimerEvent: {}
[43.116443] (-) TimerEvent: {}
[43.218334] (-) TimerEvent: {}
[43.319624] (-) TimerEvent: {}
[43.421748] (-) TimerEvent: {}
[43.525174] (-) TimerEvent: {}
[43.627106] (-) TimerEvent: {}
[43.729048] (-) TimerEvent: {}
[43.830875] (-) TimerEvent: {}
[43.933293] (-) TimerEvent: {}
[44.039346] (-) TimerEvent: {}
[44.141042] (-) TimerEvent: {}
[44.243056] (-) TimerEvent: {}
[44.345362] (-) TimerEvent: {}
[44.447221] (-) TimerEvent: {}
[44.549286] (-) TimerEvent: {}
[44.652324] (-) TimerEvent: {}
[44.753758] (-) TimerEvent: {}
[44.855565] (-) TimerEvent: {}
[44.957110] (-) TimerEvent: {}
[45.058598] (-) TimerEvent: {}
[45.160628] (-) TimerEvent: {}
[45.262387] (-) TimerEvent: {}
[45.364085] (-) TimerEvent: {}
[45.465602] (-) TimerEvent: {}
[45.566814] (-) TimerEvent: {}
[45.668668] (-) TimerEvent: {}
[45.770358] (-) TimerEvent: {}
[45.871609] (-) TimerEvent: {}
[45.973145] (-) TimerEvent: {}
[46.074958] (-) TimerEvent: {}
[46.177775] (-) TimerEvent: {}
[46.279517] (-) TimerEvent: {}
[46.382112] (-) TimerEvent: {}
[46.483535] (-) TimerEvent: {}
[46.585029] (-) TimerEvent: {}
[46.686656] (-) TimerEvent: {}
[46.788392] (-) TimerEvent: {}
[46.890312] (-) TimerEvent: {}
[46.992569] (-) TimerEvent: {}
[47.094529] (-) TimerEvent: {}
[47.196452] (-) TimerEvent: {}
[47.298331] (-) TimerEvent: {}
[47.401942] (-) TimerEvent: {}
[47.504079] (-) TimerEvent: {}
[47.607542] (-) TimerEvent: {}
[47.710409] (-) TimerEvent: {}
[47.813765] (-) TimerEvent: {}
[47.915227] (-) TimerEvent: {}
[48.017473] (-) TimerEvent: {}
[48.119328] (-) TimerEvent: {}
[48.221381] (-) TimerEvent: {}
[48.323181] (-) TimerEvent: {}
[48.424923] (-) TimerEvent: {}
[48.526841] (-) TimerEvent: {}
[48.628710] (-) TimerEvent: {}
[48.730395] (-) TimerEvent: {}
[48.832088] (-) TimerEvent: {}
[48.933928] (-) TimerEvent: {}
[49.035398] (-) TimerEvent: {}
[49.136715] (-) TimerEvent: {}
[49.238479] (-) TimerEvent: {}
[49.339855] (-) TimerEvent: {}
[49.441255] (-) TimerEvent: {}
[49.542776] (-) TimerEvent: {}
[49.644817] (-) TimerEvent: {}
[49.746755] (-) TimerEvent: {}
[49.849831] (-) TimerEvent: {}
[49.951840] (-) TimerEvent: {}
[50.054497] (-) TimerEvent: {}
[50.157213] (-) TimerEvent: {}
[50.260380] (-) TimerEvent: {}
[50.361947] (-) TimerEvent: {}
[50.464531] (-) TimerEvent: {}
[50.566337] (-) TimerEvent: {}
[50.668404] (-) TimerEvent: {}
[50.769730] (-) TimerEvent: {}
[50.871141] (-) TimerEvent: {}
[50.972657] (-) TimerEvent: {}
[51.074494] (-) TimerEvent: {}
[51.176267] (-) TimerEvent: {}
[51.277880] (-) TimerEvent: {}
[51.379519] (-) TimerEvent: {}
[51.481297] (-) TimerEvent: {}
[51.583128] (-) TimerEvent: {}
[51.684772] (-) TimerEvent: {}
[51.786544] (-) TimerEvent: {}
[51.888319] (-) TimerEvent: {}
[51.990206] (-) TimerEvent: {}
[52.092052] (-) TimerEvent: {}
[52.193764] (-) TimerEvent: {}
[52.295376] (-) TimerEvent: {}
[52.396853] (-) TimerEvent: {}
[52.498981] (-) TimerEvent: {}
[52.601067] (-) TimerEvent: {}
[52.702905] (-) TimerEvent: {}
[52.804895] (-) TimerEvent: {}
[52.907531] (-) TimerEvent: {}
[53.009790] (-) TimerEvent: {}
[53.111199] (-) TimerEvent: {}
[53.213516] (-) TimerEvent: {}
[53.315340] (-) TimerEvent: {}
[53.416992] (-) TimerEvent: {}
[53.518973] (-) TimerEvent: {}
[53.621093] (-) TimerEvent: {}
[53.722493] (-) TimerEvent: {}
[53.824223] (-) TimerEvent: {}
[53.925965] (-) TimerEvent: {}
[54.027651] (-) TimerEvent: {}
[54.129440] (-) TimerEvent: {}
[54.231184] (-) TimerEvent: {}
[54.332752] (-) TimerEvent: {}
[54.434446] (-) TimerEvent: {}
[54.536413] (-) TimerEvent: {}
[54.637852] (-) TimerEvent: {}
[54.739573] (-) TimerEvent: {}
[54.841213] (-) TimerEvent: {}
[54.942880] (-) TimerEvent: {}
[55.046550] (-) TimerEvent: {}
[55.148228] (-) TimerEvent: {}
[55.249764] (-) TimerEvent: {}
[55.352820] (-) TimerEvent: {}
[55.454518] (-) TimerEvent: {}
[55.556243] (-) TimerEvent: {}
[55.660152] (-) TimerEvent: {}
[55.762133] (-) TimerEvent: {}
[55.863941] (-) TimerEvent: {}
[55.965944] (-) TimerEvent: {}
[56.069186] (-) TimerEvent: {}
[56.171656] (-) TimerEvent: {}
[56.273510] (-) TimerEvent: {}
[56.377301] (-) TimerEvent: {}
[56.479645] (-) TimerEvent: {}
[56.588065] (-) TimerEvent: {}
[56.689316] (-) TimerEvent: {}
[56.790683] (-) TimerEvent: {}
[56.892520] (-) TimerEvent: {}
[56.993829] (-) TimerEvent: {}
[57.095345] (-) TimerEvent: {}
[57.196785] (-) TimerEvent: {}
[57.298465] (-) TimerEvent: {}
[57.400234] (-) TimerEvent: {}
[57.501989] (-) TimerEvent: {}
[57.603380] (-) TimerEvent: {}
[57.705070] (-) TimerEvent: {}
[57.806965] (-) TimerEvent: {}
[57.908768] (-) TimerEvent: {}
[58.010250] (-) TimerEvent: {}
[58.111889] (-) TimerEvent: {}
[58.213342] (-) TimerEvent: {}
[58.314837] (-) TimerEvent: {}
[58.416471] (-) TimerEvent: {}
[58.517777] (-) TimerEvent: {}
[58.621961] (-) TimerEvent: {}
[58.724103] (-) TimerEvent: {}
[58.825373] (-) TimerEvent: {}
[58.926748] (-) TimerEvent: {}
[59.028687] (-) TimerEvent: {}
[59.130143] (-) TimerEvent: {}
[59.372366] (-) TimerEvent: {}
[59.743952] (pc21_sysid) StdoutLine: {'line': b'[ 71%] \x1b[32mBuilding CXX object CMakeFiles/maneuver_runner.dir/src/maneuvers/sweep.cpp.o\x1b[0m\n'}
[60.351105] (-) TimerEvent: {}
[60.453064] (-) TimerEvent: {}
[60.555088] (-) TimerEvent: {}
[60.656639] (-) TimerEvent: {}
[60.758136] (-) TimerEvent: {}
[60.859722] (-) TimerEvent: {}
[60.961468] (-) TimerEvent: {}
[61.062712] (-) TimerEvent: {}
[61.164198] (-) TimerEvent: {}
[61.266370] (-) TimerEvent: {}
[61.367832] (-) TimerEvent: {}
[61.469180] (-) TimerEvent: {}
[61.570857] (-) TimerEvent: {}
[61.672077] (-) TimerEvent: {}
[61.773776] (-) TimerEvent: {}
[61.875518] (-) TimerEvent: {}
[61.977068] (-) TimerEvent: {}
[62.078380] (-) TimerEvent: {}
[62.179748] (-) TimerEvent: {}
[62.282663] (-) TimerEvent: {}
[62.384684] (-) TimerEvent: {}
[62.485897] (-) TimerEvent: {}
[62.587362] (-) TimerEvent: {}
[62.689491] (-) TimerEvent: {}
[62.791144] (-) TimerEvent: {}
[62.893048] (-) TimerEvent: {}
[62.994346] (-) TimerEvent: {}
[63.095823] (-) TimerEvent: {}
[63.197724] (-) TimerEvent: {}
[63.300232] (-) TimerEvent: {}
[63.403508] (-) TimerEvent: {}
[63.506218] (-) TimerEvent: {}
[63.609651] (-) TimerEvent: {}
[63.711432] (-) TimerEvent: {}
[63.812771] (-) TimerEvent: {}
[63.914493] (-) TimerEvent: {}
[64.016921] (-) TimerEvent: {}
[64.118998] (-) TimerEvent: {}
[64.221051] (-) TimerEvent: {}
[64.323075] (-) TimerEvent: {}
[64.427242] (-) TimerEvent: {}
[64.528797] (-) TimerEvent: {}
[64.630428] (-) TimerEvent: {}
[64.732032] (-) TimerEvent: {}
[64.833303] (-) TimerEvent: {}
[64.934605] (-) TimerEvent: {}
[65.038839] (-) TimerEvent: {}
[65.140514] (-) TimerEvent: {}
[65.242178] (-) TimerEvent: {}
[65.343739] (-) TimerEvent: {}
[65.445367] (-) TimerEvent: {}
[65.546804] (-) TimerEvent: {}
[65.617585] (pc21_sysid) StdoutLine: {'line': b'running egg_info\n'}
[65.624284] (pc21_sysid) StdoutLine: {'line': b'creating pc21_sysid.egg-info\n'}
[65.628296] (pc21_sysid) StdoutLine: {'line': b'writing pc21_sysid.egg-info/PKG-INFO\n'}
[65.631120] (pc21_sysid) StdoutLine: {'line': b'writing dependency_links to pc21_sysid.egg-info/dependency_links.txt\n'}
[65.636544] (pc21_sysid) StdoutLine: {'line': b'writing top-level names to pc21_sysid.egg-info/top_level.txt\n'}
[65.639082] (pc21_sysid) StdoutLine: {'line': b"writing manifest file 'pc21_sysid.egg-info/SOURCES.txt'\n"}
[65.647118] (-) TimerEvent: {}
[65.666196] (pc21_sysid) StdoutLine: {'line': b"reading manifest file 'pc21_sysid.egg-info/SOURCES.txt'\n"}
[65.672983] (pc21_sysid) StdoutLine: {'line': b"writing manifest file 'pc21_sysid.egg-info/SOURCES.txt'\n"}
[65.747685] (-) TimerEvent: {}
[65.850068] (-) TimerEvent: {}
[65.953558] (-) TimerEvent: {}
[66.039670] (pc21_sysid) StdoutLine: {'line': b'[ 71%] Built target ament_cmake_python_build_pc21_sysid_egg\n'}
[66.053883] (-) TimerEvent: {}
[66.155532] (-) TimerEvent: {}
[66.257051] (-) TimerEvent: {}
[66.358864] (-) TimerEvent: {}
[66.460443] (-) TimerEvent: {}
[66.562787] (-) TimerEvent: {}
[66.664375] (-) TimerEvent: {}
[66.766006] (-) TimerEvent: {}
[66.867709] (-) TimerEvent: {}
[66.969246] (-) TimerEvent: {}
[67.070793] (-) TimerEvent: {}
[67.174111] (-) TimerEvent: {}
[67.275718] (-) TimerEvent: {}
[67.377348] (-) TimerEvent: {}
[67.478762] (-) TimerEvent: {}
[67.580080] (-) TimerEvent: {}
[67.681484] (-) TimerEvent: {}
[67.782784] (-) TimerEvent: {}
[67.884075] (-) TimerEvent: {}
[67.985903] (-) TimerEvent: {}
[68.087432] (-) TimerEvent: {}
[68.188873] (-) TimerEvent: {}
[68.290488] (-) TimerEvent: {}
[68.392074] (-) TimerEvent: {}
[68.493605] (-) TimerEvent: {}
[68.595309] (-) TimerEvent: {}
[68.696798] (-) TimerEvent: {}
[68.798463] (-) TimerEvent: {}
[68.902558] (-) TimerEvent: {}
[69.005617] (-) TimerEvent: {}
[69.107526] (-) TimerEvent: {}
[69.209485] (-) TimerEvent: {}
[69.311370] (-) TimerEvent: {}
[69.412927] (-) TimerEvent: {}
[69.514521] (-) TimerEvent: {}
[69.616191] (-) TimerEvent: {}
[69.720316] (-) TimerEvent: {}
[69.824333] (-) TimerEvent: {}
[69.928633] (-) TimerEvent: {}
[70.034111] (-) TimerEvent: {}
[70.138763] (-) TimerEvent: {}
[70.242613] (-) TimerEvent: {}
[70.344879] (-) TimerEvent: {}
[70.449342] (-) TimerEvent: {}
[70.553558] (-) TimerEvent: {}
[70.658051] (-) TimerEvent: {}
[70.762364] (-) TimerEvent: {}
[70.866858] (-) TimerEvent: {}
[70.970951] (-) TimerEvent: {}
[71.075192] (-) TimerEvent: {}
[71.179408] (-) TimerEvent: {}
[71.281249] (-) TimerEvent: {}
[71.385397] (-) TimerEvent: {}
[71.489712] (-) TimerEvent: {}
[71.594023] (-) TimerEvent: {}
[71.695878] (-) TimerEvent: {}
[71.797312] (-) TimerEvent: {}
[71.898780] (-) TimerEvent: {}
[72.001250] (-) TimerEvent: {}
[72.103056] (-) TimerEvent: {}
[72.205171] (-) TimerEvent: {}
[72.307040] (-) TimerEvent: {}
[72.411101] (-) TimerEvent: {}
[72.512899] (-) TimerEvent: {}
[72.616761] (-) TimerEvent: {}
[72.720662] (-) TimerEvent: {}
[72.824759] (-) TimerEvent: {}
[72.926595] (-) TimerEvent: {}
[73.028527] (-) TimerEvent: {}
[73.130561] (-) TimerEvent: {}
[73.234600] (-) TimerEvent: {}
[73.338698] (-) TimerEvent: {}
[73.442010] (-) TimerEvent: {}
[73.544553] (-) TimerEvent: {}
[73.651876] (-) TimerEvent: {}
[73.786899] (-) TimerEvent: {}
[73.890495] (-) TimerEvent: {}
[73.992070] (-) TimerEvent: {}
[74.095928] (-) TimerEvent: {}
[74.197978] (-) TimerEvent: {}
[74.300151] (-) TimerEvent: {}
[74.402112] (-) TimerEvent: {}
[74.505738] (-) TimerEvent: {}
[74.611192] (-) TimerEvent: {}
[74.715744] (-) TimerEvent: {}
[74.818145] (-) TimerEvent: {}
[74.923941] (-) TimerEvent: {}
[75.026236] (-) TimerEvent: {}
[75.128635] (-) TimerEvent: {}
[75.603830] (-) TimerEvent: {}
[76.929273] (-) TimerEvent: {}
[77.031147] (-) TimerEvent: {}
[77.132941] (-) TimerEvent: {}
[77.234289] (-) TimerEvent: {}
[77.335980] (-) TimerEvent: {}
[77.437809] (-) TimerEvent: {}
[77.539618] (-) TimerEvent: {}
[77.641267] (-) TimerEvent: {}
[77.743060] (-) TimerEvent: {}
[77.845057] (-) TimerEvent: {}
[77.946658] (-) TimerEvent: {}
[78.048708] (-) TimerEvent: {}
[78.150434] (-) TimerEvent: {}
[78.251996] (-) TimerEvent: {}
[78.353649] (-) TimerEvent: {}
[78.454845] (-) TimerEvent: {}
[78.556487] (-) TimerEvent: {}
[78.658098] (-) TimerEvent: {}
[78.759875] (-) TimerEvent: {}
[78.861473] (-) TimerEvent: {}
[78.964731] (-) TimerEvent: {}
[79.068561] (-) TimerEvent: {}
[79.172670] (-) TimerEvent: {}
[79.275061] (-) TimerEvent: {}
[79.377323] (-) TimerEvent: {}
[79.479126] (-) TimerEvent: {}
[79.580516] (-) TimerEvent: {}
[79.681792] (-) TimerEvent: {}
[79.783159] (-) TimerEvent: {}
[79.884543] (-) TimerEvent: {}
[79.985917] (-) TimerEvent: {}
[80.087186] (-) TimerEvent: {}
[80.188674] (-) TimerEvent: {}
[80.290572] (-) TimerEvent: {}
[80.392262] (-) TimerEvent: {}
[80.493922] (-) TimerEvent: {}
[80.595625] (-) TimerEvent: {}
[80.697651] (-) TimerEvent: {}
[80.799578] (-) TimerEvent: {}
[80.900877] (-) TimerEvent: {}
[81.002591] (-) TimerEvent: {}
[81.104733] (-) TimerEvent: {}
[81.206503] (-) TimerEvent: {}
[81.308337] (-) TimerEvent: {}
[81.410151] (-) TimerEvent: {}
[81.511980] (-) TimerEvent: {}
[81.613330] (-) TimerEvent: {}
[81.715024] (-) TimerEvent: {}
[81.816731] (-) TimerEvent: {}
[81.919146] (-) TimerEvent: {}
[82.020709] (-) TimerEvent: {}
[82.122110] (-) TimerEvent: {}
[82.224089] (-) TimerEvent: {}
[82.325931] (-) TimerEvent: {}
[82.427988] (-) TimerEvent: {}
[82.529712] (-) TimerEvent: {}
[82.631334] (-) TimerEvent: {}
[82.733128] (-) TimerEvent: {}
[82.834789] (-) TimerEvent: {}
[82.936682] (-) TimerEvent: {}
[83.038439] (-) TimerEvent: {}
[83.140188] (-) TimerEvent: {}
[83.242024] (-) TimerEvent: {}
[83.344059] (-) TimerEvent: {}
[83.445978] (-) TimerEvent: {}
[83.547855] (-) TimerEvent: {}
[83.649689] (-) TimerEvent: {}
[83.751732] (-) TimerEvent: {}
[83.855059] (-) TimerEvent: {}
[83.957220] (-) TimerEvent: {}
[84.059087] (-) TimerEvent: {}
[84.160819] (-) TimerEvent: {}
[84.262516] (-) TimerEvent: {}
[84.364544] (-) TimerEvent: {}
[84.466197] (-) TimerEvent: {}
[84.568226] (-) TimerEvent: {}
[84.669649] (-) TimerEvent: {}
[84.771885] (-) TimerEvent: {}
[84.874100] (-) TimerEvent: {}
[84.975751] (-) TimerEvent: {}
[85.077371] (-) TimerEvent: {}
[85.181509] (-) TimerEvent: {}
[85.285509] (-) TimerEvent: {}
[85.386683] (-) TimerEvent: {}
[85.488342] (-) TimerEvent: {}
[85.590172] (-) TimerEvent: {}
[85.691897] (-) TimerEvent: {}
[85.793533] (-) TimerEvent: {}
[85.895162] (-) TimerEvent: {}
[85.996987] (-) TimerEvent: {}
[86.098822] (-) TimerEvent: {}
[86.202266] (-) TimerEvent: {}
[86.304435] (-) TimerEvent: {}
[86.407992] (-) TimerEvent: {}
[86.511565] (-) TimerEvent: {}
[86.613330] (-) TimerEvent: {}
[86.715050] (-) TimerEvent: {}
[86.816497] (-) TimerEvent: {}
[86.918393] (-) TimerEvent: {}
[87.020317] (-) TimerEvent: {}
[87.121955] (-) TimerEvent: {}
[87.223796] (-) TimerEvent: {}
[87.325441] (-) TimerEvent: {}
[87.427179] (-) TimerEvent: {}
[87.529055] (-) TimerEvent: {}
[87.631039] (-) TimerEvent: {}
[87.733761] (-) TimerEvent: {}
[87.835331] (-) TimerEvent: {}
[87.936989] (-) TimerEvent: {}
[88.038621] (-) TimerEvent: {}
[88.140098] (-) TimerEvent: {}
[88.241704] (-) TimerEvent: {}
[88.343052] (-) TimerEvent: {}
[88.444601] (-) TimerEvent: {}
[88.546215] (-) TimerEvent: {}
[88.648723] (-) TimerEvent: {}
[88.750350] (-) TimerEvent: {}
[88.852122] (-) TimerEvent: {}
[88.953506] (-) TimerEvent: {}
[89.055433] (-) TimerEvent: {}
[89.157180] (-) TimerEvent: {}
[89.258669] (-) TimerEvent: {}
[89.360147] (-) TimerEvent: {}
[89.461890] (-) TimerEvent: {}
[89.563565] (-) TimerEvent: {}
[89.665129] (-) TimerEvent: {}
[89.766755] (-) TimerEvent: {}
[89.868545] (-) TimerEvent: {}
[89.970144] (-) TimerEvent: {}
[90.071969] (-) TimerEvent: {}
[90.173656] (-) TimerEvent: {}
[90.286140] (-) TimerEvent: {}
[90.411748] (-) TimerEvent: {}
[90.513205] (-) TimerEvent: {}
[90.614833] (-) TimerEvent: {}
[90.716759] (-) TimerEvent: {}
[90.818297] (-) TimerEvent: {}
[90.920064] (-) TimerEvent: {}
[91.021742] (-) TimerEvent: {}
[91.123242] (-) TimerEvent: {}
[91.224682] (-) TimerEvent: {}
[91.326361] (-) TimerEvent: {}
[91.428034] (-) TimerEvent: {}
[91.529547] (-) TimerEvent: {}
[91.631109] (-) TimerEvent: {}
[91.732871] (-) TimerEvent: {}
[91.834515] (-) TimerEvent: {}
[91.936073] (-) TimerEvent: {}
[92.037573] (-) TimerEvent: {}
[92.139354] (-) TimerEvent: {}
[92.240739] (-) TimerEvent: {}
[92.342373] (-) TimerEvent: {}
[92.444132] (-) TimerEvent: {}
[92.545629] (-) TimerEvent: {}
[92.647403] (-) TimerEvent: {}
[92.749232] (-) TimerEvent: {}
[92.851012] (-) TimerEvent: {}
[92.952885] (-) TimerEvent: {}
[93.054700] (-) TimerEvent: {}
[93.156764] (-) TimerEvent: {}
[93.258371] (-) TimerEvent: {}
[93.359918] (-) TimerEvent: {}
[93.461466] (-) TimerEvent: {}
[93.562926] (-) TimerEvent: {}
[93.664881] (-) TimerEvent: {}
[93.766461] (-) TimerEvent: {}
[93.868200] (-) TimerEvent: {}
[93.969739] (-) TimerEvent: {}
[94.071866] (-) TimerEvent: {}
[94.173399] (-) TimerEvent: {}
[94.274804] (-) TimerEvent: {}
[94.376419] (-) TimerEvent: {}
[94.477893] (-) TimerEvent: {}
[94.579179] (-) TimerEvent: {}
[94.680598] (-) TimerEvent: {}
[94.781924] (-) TimerEvent: {}
[94.883211] (-) TimerEvent: {}
[94.984526] (-) TimerEvent: {}
[95.085937] (-) TimerEvent: {}
[95.187206] (-) TimerEvent: {}
[95.288651] (-) TimerEvent: {}
[95.389953] (-) TimerEvent: {}
[95.491210] (-) TimerEvent: {}
[95.592480] (-) TimerEvent: {}
[95.693830] (-) TimerEvent: {}
[95.795047] (-) TimerEvent: {}
[95.896292] (-) TimerEvent: {}
[95.997643] (-) TimerEvent: {}
[96.098912] (-) TimerEvent: {}
[96.200364] (-) TimerEvent: {}
[96.301802] (-) TimerEvent: {}
[96.403007] (-) TimerEvent: {}
[96.504268] (-) TimerEvent: {}
[96.605421] (-) TimerEvent: {}
[96.706745] (-) TimerEvent: {}
[96.808241] (-) TimerEvent: {}
[96.909817] (-) TimerEvent: {}
[97.011228] (-) TimerEvent: {}
[97.112554] (-) TimerEvent: {}
[97.213914] (-) TimerEvent: {}
[97.315558] (-) TimerEvent: {}
[97.416928] (-) TimerEvent: {}
[97.518430] (-) TimerEvent: {}
[97.620808] (-) TimerEvent: {}
[97.722169] (-) TimerEvent: {}
[97.823539] (-) TimerEvent: {}
[97.924844] (-) TimerEvent: {}
[98.026085] (-) TimerEvent: {}
[98.127645] (-) TimerEvent: {}
[98.228808] (-) TimerEvent: {}
[98.330252] (-) TimerEvent: {}
[98.431705] (-) TimerEvent: {}
[98.533212] (-) TimerEvent: {}
[98.634580] (-) TimerEvent: {}
[98.735851] (-) TimerEvent: {}
[98.837059] (-) TimerEvent: {}
[98.938524] (-) TimerEvent: {}
[99.039963] (-) TimerEvent: {}
[99.141345] (-) TimerEvent: {}
[99.242542] (-) TimerEvent: {}
[99.343827] (-) TimerEvent: {}
[99.445162] (-) TimerEvent: {}
[99.546439] (-) TimerEvent: {}
[99.647704] (-) TimerEvent: {}
[99.749021] (-) TimerEvent: {}
[99.850456] (-) TimerEvent: {}
[99.951957] (-) TimerEvent: {}
[100.053177] (-) TimerEvent: {}
[100.154368] (-) TimerEvent: {}
[100.255689] (-) TimerEvent: {}
[100.356969] (-) TimerEvent: {}
[100.458311] (-) TimerEvent: {}
[100.559633] (-) TimerEvent: {}
[100.661058] (-) TimerEvent: {}
[100.762519] (-) TimerEvent: {}
[100.863945] (-) TimerEvent: {}
[100.965443] (-) TimerEvent: {}
[101.066756] (-) TimerEvent: {}
[101.168528] (-) TimerEvent: {}
[101.269881] (-) TimerEvent: {}
[101.371382] (-) TimerEvent: {}
[101.472662] (-) TimerEvent: {}
[101.575304] (-) TimerEvent: {}
[101.676620] (-) TimerEvent: {}
[101.785691] (-) TimerEvent: {}
[101.897705] (-) TimerEvent: {}
[102.000841] (-) TimerEvent: {}
[102.104462] (-) TimerEvent: {}
[102.207423] (-) TimerEvent: {}
[102.308663] (-) TimerEvent: {}
[102.409894] (-) TimerEvent: {}
[102.511372] (-) TimerEvent: {}
[102.612810] (-) TimerEvent: {}
[102.715864] (-) TimerEvent: {}
[102.817490] (-) TimerEvent: {}
[102.919173] (-) TimerEvent: {}
[103.022716] (-) TimerEvent: {}
[103.125913] (-) TimerEvent: {}
[103.227512] (-) TimerEvent: {}
[103.329016] (-) TimerEvent: {}
[103.430717] (-) TimerEvent: {}
[103.532359] (-) TimerEvent: {}
[103.635767] (-) TimerEvent: {}
[103.738936] (-) TimerEvent: {}
[103.851639] (-) TimerEvent: {}
[103.955010] (-) TimerEvent: {}
[104.058422] (-) TimerEvent: {}
[104.160153] (-) TimerEvent: {}
[104.261761] (-) TimerEvent: {}
[104.364947] (-) TimerEvent: {}
[104.466443] (-) TimerEvent: {}
[104.567869] (-) TimerEvent: {}
[104.669386] (-) TimerEvent: {}
[104.771030] (-) TimerEvent: {}
[104.876072] (-) TimerEvent: {}
[104.978263] (-) TimerEvent: {}
[105.081158] (-) TimerEvent: {}
[105.182645] (-) TimerEvent: {}
[105.284669] (-) TimerEvent: {}
[105.386066] (-) TimerEvent: {}
[105.487508] (-) TimerEvent: {}
[105.591090] (-) TimerEvent: {}
[105.694022] (-) TimerEvent: {}
[105.797959] (-) TimerEvent: {}
[105.901333] (-) TimerEvent: {}
[106.005519] (-) TimerEvent: {}
[106.108863] (-) TimerEvent: {}
[106.212967] (-) TimerEvent: {}
[106.316491] (-) TimerEvent: {}
[106.420290] (-) TimerEvent: {}
[106.521723] (-) TimerEvent: {}
[106.623168] (-) TimerEvent: {}
[106.724994] (-) TimerEvent: {}
[106.826726] (-) TimerEvent: {}
[106.928661] (-) TimerEvent: {}
[107.030170] (-) TimerEvent: {}
[107.132558] (-) TimerEvent: {}
[107.235420] (-) TimerEvent: {}
[107.338463] (-) TimerEvent: {}
[107.440341] (-) TimerEvent: {}
[107.542524] (-) TimerEvent: {}
[107.644376] (-) TimerEvent: {}
[107.745809] (-) TimerEvent: {}
[107.847171] (-) TimerEvent: {}
[107.948630] (-) TimerEvent: {}
[108.050141] (-) TimerEvent: {}
[108.152014] (-) TimerEvent: {}
[108.256632] (-) TimerEvent: {}
[108.358746] (-) TimerEvent: {}
[108.460206] (-) TimerEvent: {}
[108.561490] (-) TimerEvent: {}
[108.663050] (-) TimerEvent: {}
[108.765775] (-) TimerEvent: {}
[108.868780] (-) TimerEvent: {}
[108.970521] (-) TimerEvent: {}
[109.072701] (-) TimerEvent: {}
[109.174584] (-) TimerEvent: {}
[109.276652] (-) TimerEvent: {}
[109.379164] (-) TimerEvent: {}
[109.495143] (-) TimerEvent: {}
[109.596759] (-) TimerEvent: {}
[109.698186] (-) TimerEvent: {}
[109.800084] (-) TimerEvent: {}
[109.901883] (-) TimerEvent: {}
[110.003622] (-) TimerEvent: {}
[110.105296] (-) TimerEvent: {}
[111.458814] (-) TimerEvent: {}
[111.616520] (pc21_sysid) StderrLine: {'line': b'\x1b[01m\x1b[K/home/tud-rpi-msc-bauer/px4_ros_ws/src/pc21_sysid/src/maneuver_runner.cpp:\x1b[m\x1b[K In member function \xe2\x80\x98\x1b[01m\x1b[Kvoid pc21_sysid::ManeuverRunner::control_step()\x1b[m\x1b[K\xe2\x80\x99:\n'}
[111.790785] (-) TimerEvent: {}
[111.793386] (pc21_sysid) StderrLine: {'line': b'\x1b[01m\x1b[K/home/tud-rpi-msc-bauer/px4_ros_ws/src/pc21_sysid/src/maneuver_runner.cpp:317:39:\x1b[m\x1b[K \x1b[01;31m\x1b[Kerror: \x1b[m\x1b[Kqualified-id in declaration before \xe2\x80\x98\x1b[01m\x1b[K(\x1b[m\x1b[K\xe2\x80\x99 token\n'}
[111.798744] (pc21_sysid) StderrLine: {'line': b'  317 | void ManeuverRunner::publish_heartbeat\x1b[01;31m\x1b[K(\x1b[m\x1b[K) {\n'}
[111.800432] (pc21_sysid) StderrLine: {'line': b'      |                                       \x1b[01;31m\x1b[K^\x1b[m\x1b[K\n'}
[111.801933] (pc21_sysid) StderrLine: {'line': b'\x1b[01m\x1b[K/home/tud-rpi-msc-bauer/px4_ros_ws/src/pc21_sysid/src/maneuver_runner.cpp:330:38:\x1b[m\x1b[K \x1b[01;31m\x1b[Kerror: \x1b[m\x1b[Kqualified-id in declaration before \xe2\x80\x98\x1b[01m\x1b[K(\x1b[m\x1b[K\xe2\x80\x99 token\n'}
[111.803153] (pc21_sysid) StderrLine: {'line': b'  330 | void ManeuverRunner::check_rc_trigger\x1b[01;31m\x1b[K(\x1b[m\x1b[K) {\n'}
[111.804468] (pc21_sysid) StderrLine: {'line': b'      |                                      \x1b[01;31m\x1b[K^\x1b[m\x1b[K\n'}
[111.805616] (pc21_sysid) StderrLine: {'line': b'\x1b[01m\x1b[K/home/tud-rpi-msc-bauer/px4_ros_ws/src/pc21_sysid/src/maneuver_runner.cpp:343:39:\x1b[m\x1b[K \x1b[01;31m\x1b[Kerror: \x1b[m\x1b[Kqualified-id in declaration before \xe2\x80\x98\x1b[01m\x1b[K(\x1b[m\x1b[K\xe2\x80\x99 token\n'}
[111.806823] (pc21_sysid) StderrLine: {'line': b'  343 | void ManeuverRunner::handle_rc_trigger\x1b[01;31m\x1b[K(\x1b[m\x1b[K) {\n'}
[111.808251] (pc21_sysid) StderrLine: {'line': b'      |                                       \x1b[01;31m\x1b[K^\x1b[m\x1b[K\n'}
[111.809554] (pc21_sysid) StderrLine: {'line': b'\x1b[01m\x1b[K/home/tud-rpi-msc-bauer/px4_ros_ws/src/pc21_sysid/src/maneuver_runner.cpp:\x1b[m\x1b[K At global scope:\n'}
[111.810870] (pc21_sysid) StderrLine: {'line': b'\x1b[01m\x1b[K/home/tud-rpi-msc-bauer/px4_ros_ws/src/pc21_sysid/src/maneuver_runner.cpp:430:2:\x1b[m\x1b[K \x1b[01;31m\x1b[Kerror: \x1b[m\x1b[Kexpected \xe2\x80\x98\x1b[01m\x1b[K}\x1b[m\x1b[K\xe2\x80\x99 at end of input\n'}
[111.812727] (pc21_sysid) StderrLine: {'line': b'  430 | }\x1b[01;31m\x1b[K \x1b[m\x1b[K // namespace pc21_sysid\n'}
[111.814363] (pc21_sysid) StderrLine: {'line': b'      |  \x1b[01;31m\x1b[K^\x1b[m\x1b[K\n'}
[111.815802] (pc21_sysid) StderrLine: {'line': b'\x1b[01m\x1b[K/home/tud-rpi-msc-bauer/px4_ros_ws/src/pc21_sysid/src/maneuver_runner.cpp:10:22:\x1b[m\x1b[K \x1b[01;36m\x1b[Knote: \x1b[m\x1b[Kto match this \xe2\x80\x98\x1b[01m\x1b[K{\x1b[m\x1b[K\xe2\x80\x99\n'}
[111.817185] (pc21_sysid) StderrLine: {'line': b'   10 | namespace pc21_sysid \x1b[01;36m\x1b[K{\x1b[m\x1b[K\n'}
[111.818387] (pc21_sysid) StderrLine: {'line': b'      |                      \x1b[01;36m\x1b[K^\x1b[m\x1b[K\n'}
[111.891103] (-) TimerEvent: {}
[111.992473] (-) TimerEvent: {}
[112.094073] (-) TimerEvent: {}
[112.195464] (-) TimerEvent: {}
[112.296776] (-) TimerEvent: {}
[112.398360] (-) TimerEvent: {}
[112.499885] (-) TimerEvent: {}
[112.601611] (-) TimerEvent: {}
[112.703325] (-) TimerEvent: {}
[112.804854] (-) TimerEvent: {}
[112.906548] (-) TimerEvent: {}
[113.008261] (-) TimerEvent: {}
[113.109867] (-) TimerEvent: {}
[113.211666] (-) TimerEvent: {}
[113.313332] (-) TimerEvent: {}
[113.414971] (-) TimerEvent: {}
[113.516339] (-) TimerEvent: {}
[113.617917] (-) TimerEvent: {}
[113.719597] (-) TimerEvent: {}
[113.820886] (-) TimerEvent: {}
[113.922342] (-) TimerEvent: {}
[114.024137] (-) TimerEvent: {}
[114.125591] (-) TimerEvent: {}
[114.227443] (-) TimerEvent: {}
[114.330051] (-) TimerEvent: {}
[114.852176] (-) TimerEvent: {}
[114.953747] (-) TimerEvent: {}
[115.055330] (-) TimerEvent: {}
[115.157192] (-) TimerEvent: {}
[115.258715] (-) TimerEvent: {}
[115.360506] (-) TimerEvent: {}
[115.462028] (-) TimerEvent: {}
[115.563643] (-) TimerEvent: {}
[115.665281] (-) TimerEvent: {}
[115.766865] (-) TimerEvent: {}
[115.868712] (-) TimerEvent: {}
[115.970531] (-) TimerEvent: {}
[116.072378] (-) TimerEvent: {}
[116.174122] (-) TimerEvent: {}
[116.276034] (-) TimerEvent: {}
[116.377579] (-) TimerEvent: {}
[116.479204] (-) TimerEvent: {}
[116.892512] (-) TimerEvent: {}
[116.993985] (-) TimerEvent: {}
[117.095436] (-) TimerEvent: {}
[117.197020] (-) TimerEvent: {}
[117.299975] (-) TimerEvent: {}
[117.403414] (-) TimerEvent: {}
[117.504972] (-) TimerEvent: {}
[117.606515] (-) TimerEvent: {}
[117.708361] (-) TimerEvent: {}
[117.809907] (-) TimerEvent: {}
[117.911225] (-) TimerEvent: {}
[118.012551] (-) TimerEvent: {}
[118.114161] (-) TimerEvent: {}
[118.215735] (-) TimerEvent: {}
[118.317201] (-) TimerEvent: {}
[118.418791] (-) TimerEvent: {}
[118.520267] (-) TimerEvent: {}
[118.622814] (-) TimerEvent: {}
[118.724404] (-) TimerEvent: {}
[118.825657] (-) TimerEvent: {}
[118.926950] (-) TimerEvent: {}
[119.028805] (-) TimerEvent: {}
[119.130176] (-) TimerEvent: {}
[119.231552] (-) TimerEvent: {}
[119.332902] (-) TimerEvent: {}
[119.434323] (-) TimerEvent: {}
[119.535871] (-) TimerEvent: {}
[119.637603] (-) TimerEvent: {}
[119.739312] (-) TimerEvent: {}
[119.841002] (-) TimerEvent: {}
[119.942630] (-) TimerEvent: {}
[120.044201] (-) TimerEvent: {}
[120.146726] (-) TimerEvent: {}
[120.248420] (-) TimerEvent: {}
[120.350228] (-) TimerEvent: {}
[120.452185] (-) TimerEvent: {}
[120.554028] (-) TimerEvent: {}
[121.177854] (-) TimerEvent: {}
[121.313611] (-) TimerEvent: {}
[121.414882] (-) TimerEvent: {}
[121.516337] (-) TimerEvent: {}
[121.617877] (-) TimerEvent: {}
[121.719369] (-) TimerEvent: {}
[121.820829] (-) TimerEvent: {}
[121.922337] (-) TimerEvent: {}
[122.023960] (-) TimerEvent: {}
[122.125495] (-) TimerEvent: {}
[122.226960] (-) TimerEvent: {}
[122.328484] (-) TimerEvent: {}
[122.430061] (-) TimerEvent: {}
[122.531566] (-) TimerEvent: {}
[122.633112] (-) TimerEvent: {}
[122.734650] (-) TimerEvent: {}
[122.836318] (-) TimerEvent: {}
[122.937855] (-) TimerEvent: {}
[123.039657] (-) TimerEvent: {}
[123.141215] (-) TimerEvent: {}
[123.242606] (-) TimerEvent: {}
[123.344272] (-) TimerEvent: {}
[123.445854] (-) TimerEvent: {}
[123.547735] (-) TimerEvent: {}
[123.649743] (-) TimerEvent: {}
[123.751627] (-) TimerEvent: {}
[123.853140] (-) TimerEvent: {}
[123.954845] (-) TimerEvent: {}
[124.056322] (-) TimerEvent: {}
[124.157648] (-) TimerEvent: {}
[124.259810] (-) TimerEvent: {}
[124.361583] (-) TimerEvent: {}
[124.463224] (-) TimerEvent: {}
[124.564676] (-) TimerEvent: {}
[124.666903] (-) TimerEvent: {}
[124.769105] (-) TimerEvent: {}
[124.870915] (-) TimerEvent: {}
[124.972770] (-) TimerEvent: {}
[125.075871] (-) TimerEvent: {}
[125.177199] (-) TimerEvent: {}
[125.278780] (-) TimerEvent: {}
[125.380073] (-) TimerEvent: {}
[125.481479] (-) TimerEvent: {}
[125.583114] (-) TimerEvent: {}
[125.684707] (-) TimerEvent: {}
[125.785957] (-) TimerEvent: {}
[125.887467] (-) TimerEvent: {}
[125.988784] (-) TimerEvent: {}
[126.090150] (-) TimerEvent: {}
[126.191395] (-) TimerEvent: {}
[126.292777] (-) TimerEvent: {}
[126.394504] (-) TimerEvent: {}
[126.496673] (-) TimerEvent: {}
[126.598179] (-) TimerEvent: {}
[126.699677] (-) TimerEvent: {}
[126.801602] (-) TimerEvent: {}
[126.902987] (-) TimerEvent: {}
[127.004882] (-) TimerEvent: {}
[127.106293] (-) TimerEvent: {}
[127.207849] (-) TimerEvent: {}
[127.479555] (-) TimerEvent: {}
[127.581294] (-) TimerEvent: {}
[127.682967] (-) TimerEvent: {}
[127.784878] (-) TimerEvent: {}
[127.886521] (-) TimerEvent: {}
[127.988344] (-) TimerEvent: {}
[128.089918] (-) TimerEvent: {}
[128.191403] (-) TimerEvent: {}
[128.292780] (-) TimerEvent: {}
[128.394193] (-) TimerEvent: {}
[128.496009] (-) TimerEvent: {}
[128.597775] (-) TimerEvent: {}
[128.699217] (-) TimerEvent: {}
[128.801769] (-) TimerEvent: {}
[128.903148] (-) TimerEvent: {}
[129.004931] (-) TimerEvent: {}
[129.106156] (-) TimerEvent: {}
[129.207764] (-) TimerEvent: {}
[129.309360] (-) TimerEvent: {}
[129.410915] (-) TimerEvent: {}
[129.512593] (-) TimerEvent: {}
[129.614222] (-) TimerEvent: {}
[129.715950] (-) TimerEvent: {}
[129.817912] (-) TimerEvent: {}
[129.919522] (-) TimerEvent: {}
[130.021226] (-) TimerEvent: {}
[130.122815] (-) TimerEvent: {}
[130.224329] (-) TimerEvent: {}
[130.325639] (-) TimerEvent: {}
[130.426967] (-) TimerEvent: {}
[130.528410] (-) TimerEvent: {}
[130.629810] (-) TimerEvent: {}
[130.731431] (-) TimerEvent: {}
[130.832788] (-) TimerEvent: {}
[130.934100] (-) TimerEvent: {}
[131.035718] (-) TimerEvent: {}
[131.137618] (-) TimerEvent: {}
[131.240077] (-) TimerEvent: {}
[131.341900] (-) TimerEvent: {}
[131.443854] (-) TimerEvent: {}
[131.545251] (-) TimerEvent: {}
[131.646553] (-) TimerEvent: {}
[131.747933] (-) TimerEvent: {}
[131.849466] (-) TimerEvent: {}
[131.950711] (-) TimerEvent: {}
[132.052022] (-) TimerEvent: {}
[132.153445] (-) TimerEvent: {}
[132.254942] (-) TimerEvent: {}
[132.356542] (-) TimerEvent: {}
[132.457870] (-) TimerEvent: {}
[132.559593] (-) TimerEvent: {}
[132.661361] (-) TimerEvent: {}
[132.762844] (-) TimerEvent: {}
[132.864263] (-) TimerEvent: {}
[132.966011] (-) TimerEvent: {}
[133.067588] (-) TimerEvent: {}
[133.169015] (-) TimerEvent: {}
[133.270376] (-) TimerEvent: {}
[133.371792] (-) TimerEvent: {}
[133.473033] (-) TimerEvent: {}
[133.574702] (-) TimerEvent: {}
[133.676424] (-) TimerEvent: {}
[133.777952] (-) TimerEvent: {}
[133.879931] (-) TimerEvent: {}
[133.981622] (-) TimerEvent: {}
[134.083425] (-) TimerEvent: {}
[134.185198] (-) TimerEvent: {}
[134.286663] (-) TimerEvent: {}
[134.388157] (-) TimerEvent: {}
[134.490361] (-) TimerEvent: {}
[134.591616] (-) TimerEvent: {}
[134.692895] (-) TimerEvent: {}
[134.794411] (-) TimerEvent: {}
[134.896032] (-) TimerEvent: {}
[134.997652] (-) TimerEvent: {}
[135.099168] (-) TimerEvent: {}
[135.201541] (-) TimerEvent: {}
[135.303356] (-) TimerEvent: {}
[135.404865] (-) TimerEvent: {}
[135.506540] (-) TimerEvent: {}
[135.608186] (-) TimerEvent: {}
[135.709873] (-) TimerEvent: {}
[135.812697] (-) TimerEvent: {}
[135.914285] (-) TimerEvent: {}
[136.016720] (-) TimerEvent: {}
[136.118325] (-) TimerEvent: {}
[136.220007] (-) TimerEvent: {}
[136.321767] (-) TimerEvent: {}
[136.423460] (-) TimerEvent: {}
[136.525248] (-) TimerEvent: {}
[136.626731] (-) TimerEvent: {}
[136.728405] (-) TimerEvent: {}
[136.830056] (-) TimerEvent: {}
[136.932177] (-) TimerEvent: {}
[137.034670] (-) TimerEvent: {}
[137.136626] (-) TimerEvent: {}
[137.238203] (-) TimerEvent: {}
[137.339609] (-) TimerEvent: {}
[137.441104] (-) TimerEvent: {}
[137.542505] (-) TimerEvent: {}
[137.643976] (-) TimerEvent: {}
[137.745422] (-) TimerEvent: {}
[137.847416] (-) TimerEvent: {}
[137.948874] (-) TimerEvent: {}
[138.050620] (-) TimerEvent: {}
[138.152107] (-) TimerEvent: {}
[138.253422] (-) TimerEvent: {}
[138.354730] (-) TimerEvent: {}
[138.456194] (-) TimerEvent: {}
[138.557675] (-) TimerEvent: {}
[138.659143] (-) TimerEvent: {}
[138.760716] (-) TimerEvent: {}
[138.862171] (-) TimerEvent: {}
[138.963879] (-) TimerEvent: {}
[139.065201] (-) TimerEvent: {}
[139.166835] (-) TimerEvent: {}
[139.268488] (-) TimerEvent: {}
[139.370044] (-) TimerEvent: {}
[139.472226] (-) TimerEvent: {}
[139.574598] (-) TimerEvent: {}
[139.676309] (-) TimerEvent: {}
[139.777842] (-) TimerEvent: {}
[139.879454] (-) TimerEvent: {}
[139.981013] (-) TimerEvent: {}
[140.082560] (-) TimerEvent: {}
[140.184333] (-) TimerEvent: {}
[140.285965] (-) TimerEvent: {}
[140.387635] (-) TimerEvent: {}
[140.489012] (-) TimerEvent: {}
[140.590485] (-) TimerEvent: {}
[140.692130] (-) TimerEvent: {}
[141.087404] (-) TimerEvent: {}
[141.189352] (-) TimerEvent: {}
[141.291057] (-) TimerEvent: {}
[141.392674] (-) TimerEvent: {}
[141.494238] (-) TimerEvent: {}
[141.595765] (-) TimerEvent: {}
[141.697368] (-) TimerEvent: {}
[141.799100] (-) TimerEvent: {}
[141.900701] (-) TimerEvent: {}
[142.002430] (-) TimerEvent: {}
[142.104391] (-) TimerEvent: {}
[142.206028] (-) TimerEvent: {}
[142.307855] (-) TimerEvent: {}
[142.409263] (-) TimerEvent: {}
[142.510796] (-) TimerEvent: {}
[142.612423] (-) TimerEvent: {}
[142.713970] (-) TimerEvent: {}
[142.815668] (-) TimerEvent: {}
[142.917359] (-) TimerEvent: {}
[143.018918] (-) TimerEvent: {}
[143.120560] (-) TimerEvent: {}
[143.221878] (-) TimerEvent: {}
[143.323363] (-) TimerEvent: {}
[143.425056] (-) TimerEvent: {}
[143.526413] (-) TimerEvent: {}
[143.627919] (-) TimerEvent: {}
[143.729439] (-) TimerEvent: {}
[143.831147] (-) TimerEvent: {}
[143.932887] (-) TimerEvent: {}
[144.035002] (-) TimerEvent: {}
[144.136881] (-) TimerEvent: {}
[144.238377] (-) TimerEvent: {}
[144.340054] (-) TimerEvent: {}
[144.441311] (-) TimerEvent: {}
[144.542500] (-) TimerEvent: {}
[144.643879] (-) TimerEvent: {}
[144.745198] (-) TimerEvent: {}
[144.846734] (-) TimerEvent: {}
[144.948144] (-) TimerEvent: {}
[145.049579] (-) TimerEvent: {}
[145.150844] (-) TimerEvent: {}
[145.252159] (-) TimerEvent: {}
[145.354134] (-) TimerEvent: {}
[145.455583] (-) TimerEvent: {}
[145.556903] (-) TimerEvent: {}
[145.658252] (-) TimerEvent: {}
[145.760051] (-) TimerEvent: {}
[145.861495] (-) TimerEvent: {}
[145.962762] (-) TimerEvent: {}
[146.064026] (-) TimerEvent: {}
[146.165282] (-) TimerEvent: {}
[146.266858] (-) TimerEvent: {}
[146.368717] (-) TimerEvent: {}
[146.470314] (-) TimerEvent: {}
[146.605051] (-) TimerEvent: {}
[146.686571] (pc21_sysid) StdoutLine: {'line': b'[ 85%] \x1b[32mBuilding CXX object CMakeFiles/maneuver_runner.dir/src/maneuvers/registry.cpp.o\x1b[0m\n'}
[146.812080] (-) TimerEvent: {}
[146.915117] (-) TimerEvent: {}
[147.017006] (-) TimerEvent: {}
[147.118825] (-) TimerEvent: {}
[147.220181] (-) TimerEvent: {}
[147.321477] (-) TimerEvent: {}
[147.422909] (-) TimerEvent: {}
[147.524211] (-) TimerEvent: {}
[147.625460] (-) TimerEvent: {}
[147.726581] (-) TimerEvent: {}
[147.827837] (-) TimerEvent: {}
[147.929167] (-) TimerEvent: {}
[148.030379] (-) TimerEvent: {}
[148.131912] (-) TimerEvent: {}
[148.233386] (-) TimerEvent: {}
[148.334994] (-) TimerEvent: {}
[148.437085] (-) TimerEvent: {}
[148.538408] (-) TimerEvent: {}
[148.639926] (-) TimerEvent: {}
[148.741469] (-) TimerEvent: {}
[148.842788] (-) TimerEvent: {}
[148.944213] (-) TimerEvent: {}
[149.045861] (-) TimerEvent: {}
[149.147165] (-) TimerEvent: {}
[149.248953] (-) TimerEvent: {}
[149.350138] (-) TimerEvent: {}
[149.451432] (-) TimerEvent: {}
[149.552699] (-) TimerEvent: {}
[149.653962] (-) TimerEvent: {}
[149.755393] (-) TimerEvent: {}
[149.856740] (-) TimerEvent: {}
[149.958131] (-) TimerEvent: {}
[150.059584] (-) TimerEvent: {}
[150.161140] (-) TimerEvent: {}
[150.262624] (-) TimerEvent: {}
[150.364257] (-) TimerEvent: {}
[150.465913] (-) TimerEvent: {}
[150.571780] (-) TimerEvent: {}
[150.673106] (-) TimerEvent: {}
[150.774482] (-) TimerEvent: {}
[150.876045] (-) TimerEvent: {}
[150.977681] (-) TimerEvent: {}
[151.079117] (-) TimerEvent: {}
[151.180714] (-) TimerEvent: {}
[151.290701] (-) TimerEvent: {}
[151.420952] (-) TimerEvent: {}
[151.522189] (-) TimerEvent: {}
[151.623584] (-) TimerEvent: {}
[151.724951] (-) TimerEvent: {}
[151.826265] (-) TimerEvent: {}
[151.927550] (-) TimerEvent: {}
[152.028952] (-) TimerEvent: {}
[152.132033] (-) TimerEvent: {}
[152.236086] (-) TimerEvent: {}
[152.340096] (-) TimerEvent: {}
[152.442277] (-) TimerEvent: {}
[152.544428] (-) TimerEvent: {}
[152.645696] (-) TimerEvent: {}
[152.746990] (-) TimerEvent: {}
[152.848522] (-) TimerEvent: {}
[152.950023] (-) TimerEvent: {}
[153.051451] (-) TimerEvent: {}
[153.152802] (-) TimerEvent: {}
[153.254115] (-) TimerEvent: {}
[153.355551] (-) TimerEvent: {}
[153.456918] (-) TimerEvent: {}
[153.558303] (-) TimerEvent: {}
[153.659735] (-) TimerEvent: {}
[153.761031] (-) TimerEvent: {}
[153.862341] (-) TimerEvent: {}
[153.963638] (-) TimerEvent: {}
[154.065183] (-) TimerEvent: {}
[154.166501] (-) TimerEvent: {}
[154.267989] (-) TimerEvent: {}
[154.369276] (-) TimerEvent: {}
[154.470642] (-) TimerEvent: {}
[154.572079] (-) TimerEvent: {}
[154.673441] (-) TimerEvent: {}
[154.775022] (-) TimerEvent: {}
[154.876497] (-) TimerEvent: {}
[154.977824] (-) TimerEvent: {}
[155.079238] (-) TimerEvent: {}
[155.180576] (-) TimerEvent: {}
[155.282002] (-) TimerEvent: {}
[155.383362] (-) TimerEvent: {}
[155.484841] (-) TimerEvent: {}
[155.586311] (-) TimerEvent: {}
[155.687704] (-) TimerEvent: {}
[155.789074] (-) TimerEvent: {}
[155.890485] (-) TimerEvent: {}
[155.991961] (-) TimerEvent: {}
[156.093365] (-) TimerEvent: {}
[156.194907] (-) TimerEvent: {}
[156.296326] (-) TimerEvent: {}
[156.397641] (-) TimerEvent: {}
[156.498997] (-) TimerEvent: {}
[156.600517] (-) TimerEvent: {}
[156.701941] (-) TimerEvent: {}
[156.803428] (-) TimerEvent: {}
[156.904791] (-) TimerEvent: {}
[157.006319] (-) TimerEvent: {}
[157.107792] (-) TimerEvent: {}
[157.209106] (-) TimerEvent: {}
[157.310500] (-) TimerEvent: {}
[157.411928] (-) TimerEvent: {}
[157.513870] (-) TimerEvent: {}
[157.616098] (-) TimerEvent: {}
[157.718192] (-) TimerEvent: {}
[157.819564] (-) TimerEvent: {}
[157.921028] (-) TimerEvent: {}
[158.022347] (-) TimerEvent: {}
[158.123772] (-) TimerEvent: {}
[158.225052] (-) TimerEvent: {}
[158.326558] (-) TimerEvent: {}
[158.428147] (-) TimerEvent: {}
[158.529499] (-) TimerEvent: {}
[158.630875] (-) TimerEvent: {}
[158.732773] (-) TimerEvent: {}
[158.834209] (-) TimerEvent: {}
[158.935567] (-) TimerEvent: {}
[159.036893] (-) TimerEvent: {}
[159.138288] (-) TimerEvent: {}
[159.239670] (-) TimerEvent: {}
[159.340984] (-) TimerEvent: {}
[159.442346] (-) TimerEvent: {}
[159.543719] (-) TimerEvent: {}
[159.645104] (-) TimerEvent: {}
[159.746515] (-) TimerEvent: {}
[159.847975] (-) TimerEvent: {}
[159.949244] (-) TimerEvent: {}
[160.050470] (-) TimerEvent: {}
[160.151864] (-) TimerEvent: {}
[160.253171] (-) TimerEvent: {}
[160.354760] (-) TimerEvent: {}
[160.456239] (-) TimerEvent: {}
[160.557582] (-) TimerEvent: {}
[160.659099] (-) TimerEvent: {}
[160.760675] (-) TimerEvent: {}
[160.862006] (-) TimerEvent: {}
[160.963468] (-) TimerEvent: {}
[161.065077] (-) TimerEvent: {}
[161.166427] (-) TimerEvent: {}
[161.267773] (-) TimerEvent: {}
[161.369090] (-) TimerEvent: {}
[161.471366] (-) TimerEvent: {}
[161.573881] (-) TimerEvent: {}
[161.675419] (-) TimerEvent: {}
[161.777131] (-) TimerEvent: {}
[161.878566] (-) TimerEvent: {}
[161.979978] (-) TimerEvent: {}
[162.081344] (-) TimerEvent: {}
[162.182759] (-) TimerEvent: {}
[162.284187] (-) TimerEvent: {}
[162.385532] (-) TimerEvent: {}
[162.486857] (-) TimerEvent: {}
[162.588233] (-) TimerEvent: {}
[162.689503] (-) TimerEvent: {}
[162.790933] (-) TimerEvent: {}
[162.892596] (-) TimerEvent: {}
[162.993907] (-) TimerEvent: {}
[163.095494] (-) TimerEvent: {}
[163.197220] (-) TimerEvent: {}
[163.299919] (-) TimerEvent: {}
[163.401753] (-) TimerEvent: {}
[163.503225] (-) TimerEvent: {}
[163.604710] (-) TimerEvent: {}
[163.706064] (-) TimerEvent: {}
[163.807628] (-) TimerEvent: {}
[163.909185] (-) TimerEvent: {}
[164.010943] (-) TimerEvent: {}
[164.112425] (-) TimerEvent: {}
[164.214152] (-) TimerEvent: {}
[164.315950] (-) TimerEvent: {}
[164.417447] (-) TimerEvent: {}
[164.518987] (-) TimerEvent: {}
[164.620588] (-) TimerEvent: {}
[164.722033] (-) TimerEvent: {}
[164.823555] (-) TimerEvent: {}
[164.925158] (-) TimerEvent: {}
[165.026689] (-) TimerEvent: {}
[165.128358] (-) TimerEvent: {}
[165.229778] (-) TimerEvent: {}
[165.331199] (-) TimerEvent: {}
[165.432738] (-) TimerEvent: {}
[165.534209] (-) TimerEvent: {}
[165.635708] (-) TimerEvent: {}
[165.737233] (-) TimerEvent: {}
[165.838738] (-) TimerEvent: {}
[165.940291] (-) TimerEvent: {}
[166.041654] (-) TimerEvent: {}
[166.143252] (-) TimerEvent: {}
[166.244858] (-) TimerEvent: {}
[166.346333] (-) TimerEvent: {}
[166.447950] (-) TimerEvent: {}
[166.549545] (-) TimerEvent: {}
[166.651040] (-) TimerEvent: {}
[166.752406] (-) TimerEvent: {}
[166.853652] (-) TimerEvent: {}
[166.955354] (-) TimerEvent: {}
[167.057106] (-) TimerEvent: {}
[167.158655] (-) TimerEvent: {}
[167.260129] (-) TimerEvent: {}
[167.361692] (-) TimerEvent: {}
[167.463232] (-) TimerEvent: {}
[167.564838] (-) TimerEvent: {}
[167.666383] (-) TimerEvent: {}
[167.767617] (-) TimerEvent: {}
[167.868836] (-) TimerEvent: {}
[167.970396] (-) TimerEvent: {}
[168.071862] (-) TimerEvent: {}
[168.173151] (-) TimerEvent: {}
[168.274945] (-) TimerEvent: {}
[168.376710] (-) TimerEvent: {}
[168.478110] (-) TimerEvent: {}
[168.579645] (-) TimerEvent: {}
[168.681094] (-) TimerEvent: {}
[168.782530] (-) TimerEvent: {}
[168.883986] (-) TimerEvent: {}
[168.985292] (-) TimerEvent: {}
[169.086650] (-) TimerEvent: {}
[169.187962] (-) TimerEvent: {}
[169.289151] (-) TimerEvent: {}
[169.390722] (-) TimerEvent: {}
[169.492525] (-) TimerEvent: {}
[169.593699] (-) TimerEvent: {}
[169.694953] (-) TimerEvent: {}
[169.796190] (-) TimerEvent: {}
[169.897426] (-) TimerEvent: {}
[169.999010] (-) TimerEvent: {}
[170.100526] (-) TimerEvent: {}
[170.201770] (-) TimerEvent: {}
[170.303409] (-) TimerEvent: {}
[170.404794] (-) TimerEvent: {}
[170.506019] (-) TimerEvent: {}
[170.607596] (-) TimerEvent: {}
[170.709138] (-) TimerEvent: {}
[170.810417] (-) TimerEvent: {}
[170.911841] (-) TimerEvent: {}
[171.013309] (-) TimerEvent: {}
[171.114717] (-) TimerEvent: {}
[171.216071] (-) TimerEvent: {}
[171.317353] (-) TimerEvent: {}
[171.418673] (-) TimerEvent: {}
[171.520131] (-) TimerEvent: {}
[171.621406] (-) TimerEvent: {}
[171.722820] (-) TimerEvent: {}
[171.824154] (-) TimerEvent: {}
[171.925409] (-) TimerEvent: {}
[172.026699] (-) TimerEvent: {}
[172.128162] (-) TimerEvent: {}
[172.229403] (-) TimerEvent: {}
[172.330727] (-) TimerEvent: {}
[172.432052] (-) TimerEvent: {}
[172.533365] (-) TimerEvent: {}
[172.634673] (-) TimerEvent: {}
[172.736016] (-) TimerEvent: {}
[172.837292] (-) TimerEvent: {}
[172.938596] (-) TimerEvent: {}
[173.039914] (-) TimerEvent: {}
[173.141163] (-) TimerEvent: {}
[173.242542] (-) TimerEvent: {}
[173.343923] (-) TimerEvent: {}
[173.445187] (-) TimerEvent: {}
[173.546515] (-) TimerEvent: {}
[173.647813] (-) TimerEvent: {}
[173.749172] (-) TimerEvent: {}
[173.850458] (-) TimerEvent: {}
[173.951756] (-) TimerEvent: {}
[174.053011] (-) TimerEvent: {}
[174.154264] (-) TimerEvent: {}
[174.255615] (-) TimerEvent: {}
[174.356874] (-) TimerEvent: {}
[174.458101] (-) TimerEvent: {}
[174.559408] (-) TimerEvent: {}
[174.660631] (-) TimerEvent: {}
[174.762006] (-) TimerEvent: {}
[174.863362] (-) TimerEvent: {}
[174.964729] (-) TimerEvent: {}
[175.066022] (-) TimerEvent: {}
[175.167650] (-) TimerEvent: {}
[175.269256] (-) TimerEvent: {}
[175.370505] (-) TimerEvent: {}
[175.471839] (-) TimerEvent: {}
[175.573093] (-) TimerEvent: {}
[175.674386] (-) TimerEvent: {}
[175.775681] (-) TimerEvent: {}
[175.876927] (-) TimerEvent: {}
[175.978115] (-) TimerEvent: {}
[176.079503] (-) TimerEvent: {}
[176.180758] (-) TimerEvent: {}
[176.282021] (-) TimerEvent: {}
[176.383257] (-) TimerEvent: {}
[176.484482] (-) TimerEvent: {}
[176.587038] (-) TimerEvent: {}
[176.688372] (-) TimerEvent: {}
[176.789644] (-) TimerEvent: {}
[176.890878] (-) TimerEvent: {}
[176.992195] (-) TimerEvent: {}
[177.093451] (-) TimerEvent: {}
[177.194685] (-) TimerEvent: {}
[177.295942] (-) TimerEvent: {}
[177.397230] (-) TimerEvent: {}
[177.498546] (-) TimerEvent: {}
[177.599858] (-) TimerEvent: {}
[177.701097] (-) TimerEvent: {}
[177.802251] (-) TimerEvent: {}
[177.903587] (-) TimerEvent: {}
[178.004845] (-) TimerEvent: {}
[178.106129] (-) TimerEvent: {}
[178.207396] (-) TimerEvent: {}
[178.308592] (-) TimerEvent: {}
[178.409868] (-) TimerEvent: {}
[178.511176] (-) TimerEvent: {}
[178.612504] (-) TimerEvent: {}
[178.713774] (-) TimerEvent: {}
[178.815022] (-) TimerEvent: {}
[178.916349] (-) TimerEvent: {}
[179.017562] (-) TimerEvent: {}
[179.118747] (-) TimerEvent: {}
[179.220024] (-) TimerEvent: {}
[179.321255] (-) TimerEvent: {}
[179.422558] (-) TimerEvent: {}
[179.523893] (-) TimerEvent: {}
[179.625143] (-) TimerEvent: {}
[179.726399] (-) TimerEvent: {}
[179.827688] (-) TimerEvent: {}
[179.928936] (-) TimerEvent: {}
[180.030133] (-) TimerEvent: {}
[180.131451] (-) TimerEvent: {}
[180.232692] (-) TimerEvent: {}
[180.333983] (-) TimerEvent: {}
[180.435247] (-) TimerEvent: {}
[180.536538] (-) TimerEvent: {}
[180.637856] (-) TimerEvent: {}
[180.739078] (-) TimerEvent: {}
[180.840386] (-) TimerEvent: {}
[180.941638] (-) TimerEvent: {}
[181.042897] (-) TimerEvent: {}
[181.144377] (-) TimerEvent: {}
[181.245742] (-) TimerEvent: {}
[181.346977] (-) TimerEvent: {}
[181.448306] (-) TimerEvent: {}
[181.549471] (-) TimerEvent: {}
[181.650732] (-) TimerEvent: {}
[181.752096] (-) TimerEvent: {}
[181.853358] (-) TimerEvent: {}
[181.954608] (-) TimerEvent: {}
[182.055923] (-) TimerEvent: {}
[182.157176] (-) TimerEvent: {}
[182.258404] (-) TimerEvent: {}
[182.359838] (-) TimerEvent: {}
[182.461499] (-) TimerEvent: {}
[182.562719] (-) TimerEvent: {}
[182.664092] (-) TimerEvent: {}
[182.765271] (-) TimerEvent: {}
[182.866606] (-) TimerEvent: {}
[182.967927] (-) TimerEvent: {}
[183.069230] (-) TimerEvent: {}
[183.170467] (-) TimerEvent: {}
[183.271764] (-) TimerEvent: {}
[183.373003] (-) TimerEvent: {}
[183.474260] (-) TimerEvent: {}
[183.575502] (-) TimerEvent: {}
[183.676720] (-) TimerEvent: {}
[183.777938] (-) TimerEvent: {}
[183.879229] (-) TimerEvent: {}
[183.980663] (-) TimerEvent: {}
[184.082243] (-) TimerEvent: {}
[184.183532] (-) TimerEvent: {}
[184.284708] (-) TimerEvent: {}
[184.386065] (-) TimerEvent: {}
[184.487504] (-) TimerEvent: {}
[184.588814] (-) TimerEvent: {}
[184.690041] (-) TimerEvent: {}
[184.791376] (-) TimerEvent: {}
[184.892581] (-) TimerEvent: {}
[184.994178] (-) TimerEvent: {}
[185.096204] (-) TimerEvent: {}
[185.197720] (-) TimerEvent: {}
[185.299157] (-) TimerEvent: {}
[185.400471] (-) TimerEvent: {}
[185.501701] (-) TimerEvent: {}
[185.602950] (-) TimerEvent: {}
[185.704199] (-) TimerEvent: {}
[185.805425] (-) TimerEvent: {}
[185.906729] (-) TimerEvent: {}
[186.008086] (-) TimerEvent: {}
[186.109351] (-) TimerEvent: {}
[186.211023] (-) TimerEvent: {}
[186.312955] (-) TimerEvent: {}
[186.414429] (-) TimerEvent: {}
[186.515686] (-) TimerEvent: {}
[186.616887] (-) TimerEvent: {}
[186.718142] (-) TimerEvent: {}
[186.819574] (-) TimerEvent: {}
[186.921399] (-) TimerEvent: {}
[187.023514] (-) TimerEvent: {}
[187.125700] (-) TimerEvent: {}
[187.228359] (-) TimerEvent: {}
[187.329920] (-) TimerEvent: {}
[187.431913] (-) TimerEvent: {}
[187.533943] (-) TimerEvent: {}
[187.820679] (-) TimerEvent: {}
[187.922822] (-) TimerEvent: {}
[188.024658] (-) TimerEvent: {}
[188.126325] (-) TimerEvent: {}
[188.228062] (-) TimerEvent: {}
[188.329911] (-) TimerEvent: {}
[188.431674] (-) TimerEvent: {}
[188.533416] (-) TimerEvent: {}
[188.635255] (-) TimerEvent: {}
[188.737191] (-) TimerEvent: {}
[188.838999] (-) TimerEvent: {}
[188.940730] (-) TimerEvent: {}
[189.042495] (-) TimerEvent: {}
[189.144140] (-) TimerEvent: {}
[189.245565] (-) TimerEvent: {}
[189.346848] (-) TimerEvent: {}
[189.448125] (-) TimerEvent: {}
[189.549356] (-) TimerEvent: {}
[189.650750] (-) TimerEvent: {}
[189.752629] (-) TimerEvent: {}
[189.854159] (-) TimerEvent: {}
[189.955474] (-) TimerEvent: {}
[190.056755] (-) TimerEvent: {}
[190.158044] (-) TimerEvent: {}
[190.259246] (-) TimerEvent: {}
[190.360441] (-) TimerEvent: {}
[190.461691] (-) TimerEvent: {}
[190.563111] (-) TimerEvent: {}
[190.664498] (-) TimerEvent: {}
[190.765995] (-) TimerEvent: {}
[190.867654] (-) TimerEvent: {}
[190.969371] (-) TimerEvent: {}
[191.071525] (-) TimerEvent: {}
[191.173392] (-) TimerEvent: {}
[191.274726] (-) TimerEvent: {}
[191.376024] (-) TimerEvent: {}
[191.477273] (-) TimerEvent: {}
[191.578913] (-) TimerEvent: {}
[191.680435] (-) TimerEvent: {}
[191.782039] (-) TimerEvent: {}
[191.883580] (-) TimerEvent: {}
[191.985121] (-) TimerEvent: {}
[192.086552] (-) TimerEvent: {}
[192.188184] (-) TimerEvent: {}
[192.289934] (-) TimerEvent: {}
[192.391963] (-) TimerEvent: {}
[192.494077] (-) TimerEvent: {}
[192.597367] (-) TimerEvent: {}
[192.699094] (-) TimerEvent: {}
[192.800947] (-) TimerEvent: {}
[192.902708] (-) TimerEvent: {}
[193.004525] (-) TimerEvent: {}
[193.106343] (-) TimerEvent: {}
[193.208115] (-) TimerEvent: {}
[193.309623] (-) TimerEvent: {}
[193.410936] (-) TimerEvent: {}
[193.512533] (-) TimerEvent: {}
[193.614048] (-) TimerEvent: {}
[193.715624] (-) TimerEvent: {}
[193.817400] (-) TimerEvent: {}
[193.918911] (-) TimerEvent: {}
[194.020501] (-) TimerEvent: {}
[194.122062] (-) TimerEvent: {}
[194.223910] (-) TimerEvent: {}
[194.325514] (-) TimerEvent: {}
[194.427074] (-) TimerEvent: {}
[194.529047] (-) TimerEvent: {}
[194.630751] (-) TimerEvent: {}
[194.732288] (-) TimerEvent: {}
[194.833700] (-) TimerEvent: {}
[194.935122] (-) TimerEvent: {}
[195.036992] (-) TimerEvent: {}
[195.139016] (-) TimerEvent: {}
[195.241423] (-) TimerEvent: {}
[195.343015] (-) TimerEvent: {}
[195.444712] (-) TimerEvent: {}
[195.546349] (-) TimerEvent: {}
[195.647921] (-) TimerEvent: {}
[195.749442] (-) TimerEvent: {}
[195.850999] (-) TimerEvent: {}
[195.952360] (-) TimerEvent: {}
[196.053740] (-) TimerEvent: {}
[196.155154] (-) TimerEvent: {}
[196.256678] (-) TimerEvent: {}
[196.358292] (-) TimerEvent: {}
[196.459570] (-) TimerEvent: {}
[196.561082] (-) TimerEvent: {}
[196.662761] (-) TimerEvent: {}
[196.764313] (-) TimerEvent: {}
[196.865849] (-) TimerEvent: {}
[196.967726] (-) TimerEvent: {}
[197.069131] (-) TimerEvent: {}
[197.170973] (-) TimerEvent: {}
[197.272666] (-) TimerEvent: {}
[197.374185] (-) TimerEvent: {}
[197.476099] (-) TimerEvent: {}
[197.577789] (-) TimerEvent: {}
[197.679611] (-) TimerEvent: {}
[197.781207] (-) TimerEvent: {}
[197.883002] (-) TimerEvent: {}
[197.984844] (-) TimerEvent: {}
[198.086564] (-) TimerEvent: {}
[198.188249] (-) TimerEvent: {}
[198.290175] (-) TimerEvent: {}
[198.392119] (-) TimerEvent: {}
[198.493629] (-) TimerEvent: {}
[198.595098] (-) TimerEvent: {}
[198.696585] (-) TimerEvent: {}
[198.798278] (-) TimerEvent: {}
[198.899788] (-) TimerEvent: {}
[199.001333] (-) TimerEvent: {}
[199.102895] (-) TimerEvent: {}
[199.204413] (-) TimerEvent: {}
[199.305840] (-) TimerEvent: {}
[199.407474] (-) TimerEvent: {}
[199.508919] (-) TimerEvent: {}
[199.610448] (-) TimerEvent: {}
[199.712116] (-) TimerEvent: {}
[199.813582] (-) TimerEvent: {}
[199.915231] (-) TimerEvent: {}
[200.016963] (-) TimerEvent: {}
[200.118346] (-) TimerEvent: {}
[200.220170] (-) TimerEvent: {}
[200.321629] (-) TimerEvent: {}
[200.423334] (-) TimerEvent: {}
[200.524863] (-) TimerEvent: {}
[200.626377] (-) TimerEvent: {}
[200.728131] (-) TimerEvent: {}
[200.829862] (-) TimerEvent: {}
[200.931451] (-) TimerEvent: {}
[201.032981] (-) TimerEvent: {}
[201.134481] (-) TimerEvent: {}
[201.235844] (-) TimerEvent: {}
[201.337638] (-) TimerEvent: {}
[201.439877] (-) TimerEvent: {}
[201.541561] (-) TimerEvent: {}
[201.643332] (-) TimerEvent: {}
[201.745032] (-) TimerEvent: {}
[201.846806] (-) TimerEvent: {}
[201.948745] (-) TimerEvent: {}
[202.050452] (-) TimerEvent: {}
[202.152262] (-) TimerEvent: {}
[202.253783] (-) TimerEvent: {}
[202.355255] (-) TimerEvent: {}
[202.456810] (-) TimerEvent: {}
[202.558438] (-) TimerEvent: {}
[202.660131] (-) TimerEvent: {}
[202.761746] (-) TimerEvent: {}
[202.863209] (-) TimerEvent: {}
[202.965046] (-) TimerEvent: {}
[203.066543] (-) TimerEvent: {}
[203.168046] (-) TimerEvent: {}
[203.269564] (-) TimerEvent: {}
[203.370981] (-) TimerEvent: {}
[203.472764] (-) TimerEvent: {}
[203.574714] (-) TimerEvent: {}
[203.677080] (-) TimerEvent: {}
[203.778469] (-) TimerEvent: {}
[203.879981] (-) TimerEvent: {}
[203.981423] (-) TimerEvent: {}
[204.082958] (-) TimerEvent: {}
[204.184637] (-) TimerEvent: {}
[204.286147] (-) TimerEvent: {}
[204.387955] (-) TimerEvent: {}
[204.489475] (-) TimerEvent: {}
[204.590935] (-) TimerEvent: {}
[204.692511] (-) TimerEvent: {}
[204.793921] (-) TimerEvent: {}
[204.895422] (-) TimerEvent: {}
[204.997063] (-) TimerEvent: {}
[205.099054] (-) TimerEvent: {}
[205.200801] (-) TimerEvent: {}
[205.302589] (-) TimerEvent: {}
[205.404425] (-) TimerEvent: {}
[205.506146] (-) TimerEvent: {}
[205.607675] (-) TimerEvent: {}
[205.710074] (-) TimerEvent: {}
[205.811781] (-) TimerEvent: {}
[205.913299] (-) TimerEvent: {}
[206.014760] (-) TimerEvent: {}
[206.116442] (-) TimerEvent: {}
[206.217990] (-) TimerEvent: {}
[206.319473] (-) TimerEvent: {}
[206.421003] (-) TimerEvent: {}
[206.522263] (-) TimerEvent: {}
[206.624221] (-) TimerEvent: {}
[206.725880] (-) TimerEvent: {}
[206.827662] (-) TimerEvent: {}
[206.928988] (-) TimerEvent: {}
[207.030512] (-) TimerEvent: {}
[207.131992] (-) TimerEvent: {}
[207.233479] (-) TimerEvent: {}
[207.334956] (-) TimerEvent: {}
[207.436483] (-) TimerEvent: {}
[207.538372] (-) TimerEvent: {}
[207.639991] (-) TimerEvent: {}
[207.741459] (-) TimerEvent: {}
[207.842958] (-) TimerEvent: {}
[207.944736] (-) TimerEvent: {}
[208.046169] (-) TimerEvent: {}
[208.147618] (-) TimerEvent: {}
[208.249208] (-) TimerEvent: {}
[208.351110] (-) TimerEvent: {}
[208.452930] (-) TimerEvent: {}
[208.554650] (-) TimerEvent: {}
[208.656351] (-) TimerEvent: {}
[208.757910] (-) TimerEvent: {}
[208.859499] (-) TimerEvent: {}
[208.961007] (-) TimerEvent: {}
[209.062702] (-) TimerEvent: {}
[209.164525] (-) TimerEvent: {}
[209.266003] (-) TimerEvent: {}
[209.367527] (-) TimerEvent: {}
[209.468984] (-) TimerEvent: {}
[209.570493] (-) TimerEvent: {}
[209.671942] (-) TimerEvent: {}
[209.773478] (-) TimerEvent: {}
[209.875181] (-) TimerEvent: {}
[209.976740] (-) TimerEvent: {}
[210.078216] (-) TimerEvent: {}
[210.180014] (-) TimerEvent: {}
[210.281461] (-) TimerEvent: {}
[210.382972] (-) TimerEvent: {}
[210.484424] (-) TimerEvent: {}
[210.585960] (-) TimerEvent: {}
[210.687765] (-) TimerEvent: {}
[210.789981] (-) TimerEvent: {}
[210.892369] (-) TimerEvent: {}
[210.994133] (-) TimerEvent: {}
[211.095906] (-) TimerEvent: {}
[211.197359] (-) TimerEvent: {}
[211.299045] (-) TimerEvent: {}
[211.400846] (-) TimerEvent: {}
[211.518918] (-) TimerEvent: {}
[211.652611] (-) TimerEvent: {}
[211.754386] (-) TimerEvent: {}
[211.856015] (-) TimerEvent: {}
[211.957640] (-) TimerEvent: {}
[212.059408] (-) TimerEvent: {}
[212.160825] (-) TimerEvent: {}
[212.262580] (-) TimerEvent: {}
[212.364209] (-) TimerEvent: {}
[212.465714] (-) TimerEvent: {}
[212.567078] (-) TimerEvent: {}
[212.668573] (-) TimerEvent: {}
[212.769759] (-) TimerEvent: {}
[212.871225] (-) TimerEvent: {}
[212.972695] (-) TimerEvent: {}
[213.074027] (-) TimerEvent: {}
[213.175736] (-) TimerEvent: {}
[213.277226] (-) TimerEvent: {}
[213.379178] (-) TimerEvent: {}
[213.481631] (-) TimerEvent: {}
[213.583808] (-) TimerEvent: {}
[213.686389] (-) TimerEvent: {}
[213.788128] (-) TimerEvent: {}
[213.889839] (-) TimerEvent: {}
[213.991405] (-) TimerEvent: {}
[214.093057] (-) TimerEvent: {}
[214.194831] (-) TimerEvent: {}
[214.296517] (-) TimerEvent: {}
[214.398028] (-) TimerEvent: {}
[214.499528] (-) TimerEvent: {}
[214.601066] (-) TimerEvent: {}
[214.702488] (-) TimerEvent: {}
[214.804102] (-) TimerEvent: {}
[214.905628] (-) TimerEvent: {}
[215.007221] (-) TimerEvent: {}
[215.108805] (-) TimerEvent: {}
[215.210303] (-) TimerEvent: {}
[215.311785] (-) TimerEvent: {}
[215.413252] (-) TimerEvent: {}
[215.514815] (-) TimerEvent: {}
[215.616774] (-) TimerEvent: {}
[215.718146] (-) TimerEvent: {}
[215.819810] (-) TimerEvent: {}
[215.921351] (-) TimerEvent: {}
[216.022792] (-) TimerEvent: {}
[216.124596] (-) TimerEvent: {}
[216.226269] (-) TimerEvent: {}
[216.328001] (-) TimerEvent: {}
[216.429427] (-) TimerEvent: {}
[216.530860] (-) TimerEvent: {}
[216.632366] (-) TimerEvent: {}
[216.733856] (-) TimerEvent: {}
[216.835511] (-) TimerEvent: {}
[216.936966] (-) TimerEvent: {}
[217.038608] (-) TimerEvent: {}
[217.140553] (-) TimerEvent: {}
[217.241947] (-) TimerEvent: {}
[217.343481] (-) TimerEvent: {}
[217.445078] (-) TimerEvent: {}
[217.546671] (-) TimerEvent: {}
[217.648363] (-) TimerEvent: {}
[217.749912] (-) TimerEvent: {}
[217.851442] (-) TimerEvent: {}
[217.952897] (-) TimerEvent: {}
[218.054458] (-) TimerEvent: {}
[218.156014] (-) TimerEvent: {}
[218.257674] (-) TimerEvent: {}
[218.359638] (-) TimerEvent: {}
[218.461392] (-) TimerEvent: {}
[218.563012] (-) TimerEvent: {}
[218.664735] (-) TimerEvent: {}
[218.766274] (-) TimerEvent: {}
[218.868110] (-) TimerEvent: {}
[218.969901] (-) TimerEvent: {}
[219.071638] (-) TimerEvent: {}
[219.173281] (-) TimerEvent: {}
[219.275038] (-) TimerEvent: {}
[219.376933] (-) TimerEvent: {}
[219.478668] (-) TimerEvent: {}
[219.580517] (-) TimerEvent: {}
[219.682081] (-) TimerEvent: {}
[219.783628] (-) TimerEvent: {}
[219.885148] (-) TimerEvent: {}
[219.986572] (-) TimerEvent: {}
[220.088188] (-) TimerEvent: {}
[220.189654] (-) TimerEvent: {}
[220.291251] (-) TimerEvent: {}
[220.392990] (-) TimerEvent: {}
[220.494473] (-) TimerEvent: {}
[220.596164] (-) TimerEvent: {}
[220.697696] (-) TimerEvent: {}
[220.799243] (-) TimerEvent: {}
[220.900822] (-) TimerEvent: {}
[221.002259] (-) TimerEvent: {}
[221.104222] (-) TimerEvent: {}
[221.205798] (-) TimerEvent: {}
[221.307553] (-) TimerEvent: {}
[221.409246] (-) TimerEvent: {}
[221.510665] (-) TimerEvent: {}
[221.612150] (-) TimerEvent: {}
[221.713594] (-) TimerEvent: {}
[221.815221] (-) TimerEvent: {}
[221.917293] (-) TimerEvent: {}
[222.018706] (-) TimerEvent: {}
[222.120124] (-) TimerEvent: {}
[222.221523] (-) TimerEvent: {}
[222.323316] (-) TimerEvent: {}
[222.424845] (-) TimerEvent: {}
[222.526494] (-) TimerEvent: {}
[222.627980] (-) TimerEvent: {}
[222.729611] (-) TimerEvent: {}
[222.831378] (-) TimerEvent: {}
[222.933055] (-) TimerEvent: {}
[223.034505] (-) TimerEvent: {}
[223.136090] (-) TimerEvent: {}
[223.237738] (-) TimerEvent: {}
[223.339222] (-) TimerEvent: {}
[223.440848] (-) TimerEvent: {}
[223.542408] (-) TimerEvent: {}
[223.644034] (-) TimerEvent: {}
[223.745558] (-) TimerEvent: {}
[223.847058] (-) TimerEvent: {}
[223.948698] (-) TimerEvent: {}
[224.050227] (-) TimerEvent: {}
[224.151921] (-) TimerEvent: {}
[224.253357] (-) TimerEvent: {}
[224.354973] (-) TimerEvent: {}
[224.457507] (-) TimerEvent: {}
[225.028422] (-) TimerEvent: {}
[225.130196] (-) TimerEvent: {}
[225.231887] (-) TimerEvent: {}
[225.333273] (-) TimerEvent: {}
[225.434861] (-) TimerEvent: {}
[225.536421] (-) TimerEvent: {}
[225.637917] (-) TimerEvent: {}
[225.739395] (-) TimerEvent: {}
[225.840799] (-) TimerEvent: {}
[225.942238] (-) TimerEvent: {}
[226.044021] (-) TimerEvent: {}
[226.145432] (-) TimerEvent: {}
[226.247089] (-) TimerEvent: {}
[226.348674] (-) TimerEvent: {}
[226.450235] (-) TimerEvent: {}
[226.551828] (-) TimerEvent: {}
[226.653374] (-) TimerEvent: {}
[226.754941] (-) TimerEvent: {}
[226.856558] (-) TimerEvent: {}
[226.958229] (-) TimerEvent: {}
[227.059809] (-) TimerEvent: {}
[227.161226] (-) TimerEvent: {}
[227.262584] (-) TimerEvent: {}
[227.364118] (-) TimerEvent: {}
[227.465880] (-) TimerEvent: {}
[227.567497] (-) TimerEvent: {}
[227.669142] (-) TimerEvent: {}
[227.770636] (-) TimerEvent: {}
[227.872176] (-) TimerEvent: {}
[227.973653] (-) TimerEvent: {}
[228.075461] (-) TimerEvent: {}
[228.177459] (-) TimerEvent: {}
[228.279037] (-) TimerEvent: {}
[228.380298] (-) TimerEvent: {}
[228.481997] (-) TimerEvent: {}
[228.583610] (-) TimerEvent: {}
[228.686390] (-) TimerEvent: {}
[228.789479] (-) TimerEvent: {}
[228.891326] (-) TimerEvent: {}
[228.993073] (-) TimerEvent: {}
[229.094741] (-) TimerEvent: {}
[229.196523] (-) TimerEvent: {}
[229.298294] (-) TimerEvent: {}
[229.400238] (-) TimerEvent: {}
[229.501893] (-) TimerEvent: {}
[229.603472] (-) TimerEvent: {}
[229.704794] (-) TimerEvent: {}
[229.806012] (-) TimerEvent: {}
[229.907747] (-) TimerEvent: {}
[230.008938] (-) TimerEvent: {}
[230.110062] (-) TimerEvent: {}
[230.211240] (-) TimerEvent: {}
[230.312695] (-) TimerEvent: {}
[230.413902] (-) TimerEvent: {}
[230.515194] (-) TimerEvent: {}
[230.616343] (-) TimerEvent: {}
[230.717531] (-) TimerEvent: {}
[230.818887] (-) TimerEvent: {}
[230.920299] (-) TimerEvent: {}
[231.021484] (-) TimerEvent: {}
[231.122800] (-) TimerEvent: {}
[231.224277] (-) TimerEvent: {}
[231.325569] (-) TimerEvent: {}
[231.426844] (-) TimerEvent: {}
[231.528243] (-) TimerEvent: {}
[231.629374] (-) TimerEvent: {}
[231.730748] (-) TimerEvent: {}
[231.832492] (-) TimerEvent: {}
[231.934160] (-) TimerEvent: {}
[232.036424] (-) TimerEvent: {}
[232.420154] (-) TimerEvent: {}
[232.521671] (-) TimerEvent: {}
[232.623467] (-) TimerEvent: {}
[232.725131] (-) TimerEvent: {}
[232.826367] (-) TimerEvent: {}
[232.927548] (-) TimerEvent: {}
[233.029042] (-) TimerEvent: {}
[233.130319] (-) TimerEvent: {}
[233.231630] (-) TimerEvent: {}
[233.332782] (-) TimerEvent: {}
[233.433887] (-) TimerEvent: {}
[233.535328] (-) TimerEvent: {}
[233.636958] (-) TimerEvent: {}
[233.738783] (-) TimerEvent: {}
[233.840450] (-) TimerEvent: {}
[233.942055] (-) TimerEvent: {}
[234.043731] (-) TimerEvent: {}
[234.145211] (-) TimerEvent: {}
[234.246737] (-) TimerEvent: {}
[234.348685] (-) TimerEvent: {}
[234.450314] (-) TimerEvent: {}
[234.551838] (-) TimerEvent: {}
[234.653473] (-) TimerEvent: {}
[234.755486] (-) TimerEvent: {}
[234.856784] (-) TimerEvent: {}
[234.958224] (-) TimerEvent: {}
[235.059784] (-) TimerEvent: {}
[235.161480] (-) TimerEvent: {}
[235.262901] (-) TimerEvent: {}
[235.364255] (-) TimerEvent: {}
[235.465443] (-) TimerEvent: {}
[235.567205] (-) TimerEvent: {}
[235.669202] (-) TimerEvent: {}
[235.770789] (-) TimerEvent: {}
[235.872246] (-) TimerEvent: {}
[235.973597] (-) TimerEvent: {}
[236.075084] (-) TimerEvent: {}
[236.176564] (-) TimerEvent: {}
[236.277846] (-) TimerEvent: {}
[236.379083] (-) TimerEvent: {}
[236.480559] (-) TimerEvent: {}
[236.596580] (-) TimerEvent: {}
[236.697906] (-) TimerEvent: {}
[236.799452] (-) TimerEvent: {}
[236.901254] (-) TimerEvent: {}
[237.002627] (-) TimerEvent: {}
[237.104162] (-) TimerEvent: {}
[237.205659] (-) TimerEvent: {}
[237.307125] (-) TimerEvent: {}
[237.408596] (-) TimerEvent: {}
[237.510126] (-) TimerEvent: {}
[237.612409] (-) TimerEvent: {}
[237.714372] (-) TimerEvent: {}
[237.816087] (-) TimerEvent: {}
[237.917842] (-) TimerEvent: {}
[238.019613] (-) TimerEvent: {}
[238.121165] (-) TimerEvent: {}
[238.222920] (-) TimerEvent: {}
[238.324745] (-) TimerEvent: {}
[238.426453] (-) TimerEvent: {}
[238.528295] (-) TimerEvent: {}
[238.630126] (-) TimerEvent: {}
[238.731810] (-) TimerEvent: {}
[238.833173] (-) TimerEvent: {}
[238.934663] (-) TimerEvent: {}
[239.036115] (-) TimerEvent: {}
[239.137407] (-) TimerEvent: {}
[239.238823] (-) TimerEvent: {}
[239.340285] (-) TimerEvent: {}
[239.441690] (-) TimerEvent: {}
[239.542953] (-) TimerEvent: {}
[239.644478] (-) TimerEvent: {}
[239.745855] (-) TimerEvent: {}
[239.847232] (-) TimerEvent: {}
[239.948702] (-) TimerEvent: {}
[240.050044] (-) TimerEvent: {}
[240.151813] (-) TimerEvent: {}
[240.253880] (-) TimerEvent: {}
[240.355376] (-) TimerEvent: {}
[240.456834] (-) TimerEvent: {}
[240.558256] (-) TimerEvent: {}
[240.659934] (-) TimerEvent: {}
[240.761299] (-) TimerEvent: {}
[240.862708] (-) TimerEvent: {}
[240.964055] (-) TimerEvent: {}
[241.065547] (-) TimerEvent: {}
[241.167004] (-) TimerEvent: {}
[241.268583] (-) TimerEvent: {}
[241.369952] (-) TimerEvent: {}
[241.471413] (-) TimerEvent: {}
[241.572901] (-) TimerEvent: {}
[241.688503] (-) TimerEvent: {}
[241.963711] (-) TimerEvent: {}
[242.066415] (-) TimerEvent: {}
[242.168066] (-) TimerEvent: {}
[242.269701] (-) TimerEvent: {}
[242.371366] (-) TimerEvent: {}
[242.472890] (-) TimerEvent: {}
[242.574227] (-) TimerEvent: {}
[242.675653] (-) TimerEvent: {}
[242.777020] (-) TimerEvent: {}
[242.878902] (-) TimerEvent: {}
[242.980322] (-) TimerEvent: {}
[243.081810] (-) TimerEvent: {}
[243.183553] (-) TimerEvent: {}
[243.285233] (-) TimerEvent: {}
[243.386578] (-) TimerEvent: {}
[243.488543] (-) TimerEvent: {}
[243.590327] (-) TimerEvent: {}
[243.692528] (-) TimerEvent: {}
[243.794337] (-) TimerEvent: {}
[243.896191] (-) TimerEvent: {}
[243.997760] (-) TimerEvent: {}
[244.099396] (-) TimerEvent: {}
[244.200687] (-) TimerEvent: {}
[244.301888] (-) TimerEvent: {}
[244.403044] (-) TimerEvent: {}
[244.504558] (-) TimerEvent: {}
[244.605944] (-) TimerEvent: {}
[244.707317] (-) TimerEvent: {}
[244.808786] (-) TimerEvent: {}
[244.910310] (-) TimerEvent: {}
[245.011917] (-) TimerEvent: {}
[245.113145] (-) TimerEvent: {}
[245.214599] (-) TimerEvent: {}
[245.316006] (-) TimerEvent: {}
[245.417457] (-) TimerEvent: {}
[245.519495] (-) TimerEvent: {}
[245.657681] (-) TimerEvent: {}
[245.759169] (-) TimerEvent: {}
[245.860608] (-) TimerEvent: {}
[245.962017] (-) TimerEvent: {}
[246.063740] (-) TimerEvent: {}
[246.165486] (-) TimerEvent: {}
[246.267011] (-) TimerEvent: {}
[246.368439] (-) TimerEvent: {}
[246.469834] (-) TimerEvent: {}
[246.571096] (-) TimerEvent: {}
[246.672524] (-) TimerEvent: {}
[246.774096] (-) TimerEvent: {}
[246.875541] (-) TimerEvent: {}
[246.977053] (-) TimerEvent: {}
[247.078454] (-) TimerEvent: {}
[247.179902] (-) TimerEvent: {}
[247.281321] (-) TimerEvent: {}
[247.384074] (-) TimerEvent: {}
[247.488437] (-) TimerEvent: {}
[247.590171] (-) TimerEvent: {}
[247.691709] (-) TimerEvent: {}
[247.793289] (-) TimerEvent: {}
[247.894899] (-) TimerEvent: {}
[247.996463] (-) TimerEvent: {}
[248.097814] (-) TimerEvent: {}
[248.199168] (-) TimerEvent: {}
[248.300636] (-) TimerEvent: {}
[248.402085] (-) TimerEvent: {}
[248.503599] (-) TimerEvent: {}
[248.605263] (-) TimerEvent: {}
[248.706776] (-) TimerEvent: {}
[248.808190] (-) TimerEvent: {}
[248.909823] (-) TimerEvent: {}
[249.011214] (-) TimerEvent: {}
[249.112544] (-) TimerEvent: {}
[249.213883] (-) TimerEvent: {}
[249.315501] (-) TimerEvent: {}
[249.416899] (-) TimerEvent: {}
[249.518316] (-) TimerEvent: {}
[249.619840] (-) TimerEvent: {}
[249.721308] (-) TimerEvent: {}
[249.822617] (-) TimerEvent: {}
[249.923977] (-) TimerEvent: {}
[250.025382] (-) TimerEvent: {}
[250.126878] (-) TimerEvent: {}
[250.228534] (-) TimerEvent: {}
[250.330246] (-) TimerEvent: {}
[250.431922] (-) TimerEvent: {}
[250.533824] (-) TimerEvent: {}
[250.635593] (-) TimerEvent: {}
[250.736950] (-) TimerEvent: {}
[250.838437] (-) TimerEvent: {}
[250.939699] (-) TimerEvent: {}
[251.041059] (-) TimerEvent: {}
[251.142392] (-) TimerEvent: {}
[251.243998] (-) TimerEvent: {}
[251.345397] (-) TimerEvent: {}
[251.446931] (-) TimerEvent: {}
[251.548313] (-) TimerEvent: {}
[251.649709] (-) TimerEvent: {}
[251.751241] (-) TimerEvent: {}
[251.853098] (-) TimerEvent: {}
[251.954863] (-) TimerEvent: {}
[252.056490] (-) TimerEvent: {}
[252.157948] (-) TimerEvent: {}
[252.259455] (-) TimerEvent: {}
[252.360870] (-) TimerEvent: {}
[252.462574] (-) TimerEvent: {}
[252.564352] (-) TimerEvent: {}
[252.665991] (-) TimerEvent: {}
[252.767199] (-) TimerEvent: {}
[252.868516] (-) TimerEvent: {}
[252.969881] (-) TimerEvent: {}
[253.071158] (-) TimerEvent: {}
[253.172878] (-) TimerEvent: {}
[253.274210] (-) TimerEvent: {}
[253.375730] (-) TimerEvent: {}
[253.477163] (-) TimerEvent: {}
[253.578429] (-) TimerEvent: {}
[253.679666] (-) TimerEvent: {}
[253.780845] (-) TimerEvent: {}
[253.882106] (-) TimerEvent: {}
[253.983405] (-) TimerEvent: {}
[254.084587] (-) TimerEvent: {}
[254.185759] (-) TimerEvent: {}
[254.286917] (-) TimerEvent: {}
[254.388317] (-) TimerEvent: {}
[254.489419] (-) TimerEvent: {}
[254.590593] (-) TimerEvent: {}
[254.691962] (-) TimerEvent: {}
[254.793202] (-) TimerEvent: {}
[254.894352] (-) TimerEvent: {}
[254.995638] (-) TimerEvent: {}
[255.096705] (-) TimerEvent: {}
[255.197769] (-) TimerEvent: {}
[255.298909] (-) TimerEvent: {}
[255.400948] (-) TimerEvent: {}
[255.503127] (-) TimerEvent: {}
[255.604944] (-) TimerEvent: {}
[255.706658] (-) TimerEvent: {}
[255.808577] (-) TimerEvent: {}
[255.910411] (-) TimerEvent: {}
[256.012158] (-) TimerEvent: {}
[256.113605] (-) TimerEvent: {}
[256.214774] (-) TimerEvent: {}
[256.316186] (-) TimerEvent: {}
[256.417397] (-) TimerEvent: {}
[256.518898] (-) TimerEvent: {}
[256.620040] (-) TimerEvent: {}
[256.721220] (-) TimerEvent: {}
[256.822482] (-) TimerEvent: {}
[256.923809] (-) TimerEvent: {}
[257.025042] (-) TimerEvent: {}
[257.126250] (-) TimerEvent: {}
[257.227559] (-) TimerEvent: {}
[257.328850] (-) TimerEvent: {}
[257.429959] (-) TimerEvent: {}
[257.536095] (-) TimerEvent: {}
[257.637467] (-) TimerEvent: {}
[257.738687] (-) TimerEvent: {}
[257.840034] (-) TimerEvent: {}
[257.941375] (-) TimerEvent: {}
[258.042844] (-) TimerEvent: {}
[258.144184] (-) TimerEvent: {}
[258.245690] (-) TimerEvent: {}
[258.347179] (-) TimerEvent: {}
[258.448485] (-) TimerEvent: {}
[258.550071] (-) TimerEvent: {}
[258.651870] (-) TimerEvent: {}
[258.753329] (-) TimerEvent: {}
[258.855043] (-) TimerEvent: {}
[258.956507] (-) TimerEvent: {}
[259.058028] (-) TimerEvent: {}
[259.159551] (-) TimerEvent: {}
[259.261119] (-) TimerEvent: {}
[259.362754] (-) TimerEvent: {}
[259.464533] (-) TimerEvent: {}
[259.565969] (-) TimerEvent: {}
[259.667340] (-) TimerEvent: {}
[259.768885] (-) TimerEvent: {}
[259.870090] (-) TimerEvent: {}
[259.971317] (-) TimerEvent: {}
[260.072750] (-) TimerEvent: {}
[260.174340] (-) TimerEvent: {}
[260.275702] (-) TimerEvent: {}
[260.377178] (-) TimerEvent: {}
[260.478738] (-) TimerEvent: {}
[260.580398] (-) TimerEvent: {}
[260.681935] (-) TimerEvent: {}
[260.783349] (-) TimerEvent: {}
[260.885161] (-) TimerEvent: {}
[260.986783] (-) TimerEvent: {}
[261.088136] (-) TimerEvent: {}
[261.189426] (-) TimerEvent: {}
[261.291070] (-) TimerEvent: {}
[261.392774] (-) TimerEvent: {}
[261.494465] (-) TimerEvent: {}
[261.596212] (-) TimerEvent: {}
[261.697591] (-) TimerEvent: {}
[261.799034] (-) TimerEvent: {}
[261.900595] (-) TimerEvent: {}
[262.002128] (-) TimerEvent: {}
[262.103480] (-) TimerEvent: {}
[262.205026] (-) TimerEvent: {}
[262.306518] (-) TimerEvent: {}
[262.409035] (-) TimerEvent: {}
[262.511366] (-) TimerEvent: {}
[262.612944] (-) TimerEvent: {}
[262.714348] (-) TimerEvent: {}
[262.815710] (-) TimerEvent: {}
[262.917664] (-) TimerEvent: {}
[263.020154] (-) TimerEvent: {}
[263.121525] (-) TimerEvent: {}
[263.223501] (-) TimerEvent: {}
[263.324795] (-) TimerEvent: {}
[263.426093] (-) TimerEvent: {}
[263.527588] (-) TimerEvent: {}
[263.628992] (-) TimerEvent: {}
[263.730783] (-) TimerEvent: {}
[263.832535] (-) TimerEvent: {}
[263.933824] (-) TimerEvent: {}
[264.035512] (-) TimerEvent: {}
[264.136879] (-) TimerEvent: {}
[264.239365] (-) TimerEvent: {}
[264.340790] (-) TimerEvent: {}
[264.442110] (-) TimerEvent: {}
[264.543485] (-) TimerEvent: {}
[264.645036] (-) TimerEvent: {}
[264.746517] (-) TimerEvent: {}
[264.847837] (-) TimerEvent: {}
[264.949142] (-) TimerEvent: {}
[265.050493] (-) TimerEvent: {}
[265.151833] (-) TimerEvent: {}
[265.253208] (-) TimerEvent: {}
[265.354593] (-) TimerEvent: {}
[265.456040] (-) TimerEvent: {}
[265.557541] (-) TimerEvent: {}
[265.659310] (-) TimerEvent: {}
[265.760925] (-) TimerEvent: {}
[265.862510] (-) TimerEvent: {}
[265.964500] (-) TimerEvent: {}
[266.066574] (-) TimerEvent: {}
[266.168015] (-) TimerEvent: {}
[266.269717] (-) TimerEvent: {}
[266.371545] (-) TimerEvent: {}
[266.473752] (-) TimerEvent: {}
[266.575545] (-) TimerEvent: {}
[266.677290] (-) TimerEvent: {}
[266.778892] (-) TimerEvent: {}
[266.880501] (-) TimerEvent: {}
[266.982179] (-) TimerEvent: {}
[267.084488] (-) TimerEvent: {}
[267.186142] (-) TimerEvent: {}
[267.287542] (-) TimerEvent: {}
[267.388906] (-) TimerEvent: {}
[267.490390] (-) TimerEvent: {}
[267.591700] (-) TimerEvent: {}
[267.693192] (-) TimerEvent: {}
[267.794626] (-) TimerEvent: {}
[267.896336] (-) TimerEvent: {}
[267.997604] (-) TimerEvent: {}
[268.098922] (-) TimerEvent: {}
[268.200551] (-) TimerEvent: {}
[268.301852] (-) TimerEvent: {}
[268.403223] (-) TimerEvent: {}
[268.504700] (-) TimerEvent: {}
[268.606215] (-) TimerEvent: {}
[268.707652] (-) TimerEvent: {}
[268.809118] (-) TimerEvent: {}
[268.910490] (-) TimerEvent: {}
[269.011883] (-) TimerEvent: {}
[269.113161] (-) TimerEvent: {}
[269.214456] (-) TimerEvent: {}
[269.315941] (-) TimerEvent: {}
[269.417649] (-) TimerEvent: {}
[269.519230] (-) TimerEvent: {}
[269.621078] (-) TimerEvent: {}
[269.722521] (-) TimerEvent: {}
[269.824000] (-) TimerEvent: {}
[269.925436] (-) TimerEvent: {}
[270.026924] (-) TimerEvent: {}
[270.128222] (-) TimerEvent: {}
[270.229652] (-) TimerEvent: {}
[270.331088] (-) TimerEvent: {}
[270.432673] (-) TimerEvent: {}
[270.534328] (-) TimerEvent: {}
[270.635992] (-) TimerEvent: {}
[270.737203] (-) TimerEvent: {}
[270.838357] (-) TimerEvent: {}
[270.939508] (-) TimerEvent: {}
[271.040624] (-) TimerEvent: {}
[271.141997] (-) TimerEvent: {}
[271.243209] (-) TimerEvent: {}
[271.344394] (-) TimerEvent: {}
[271.445627] (-) TimerEvent: {}
[271.547438] (-) TimerEvent: {}
[271.722025] (pc21_sysid) StderrLine: {'line': b'gmake[2]: *** [CMakeFiles/maneuver_runner.dir/build.make:90: CMakeFiles/maneuver_runner.dir/src/maneuver_runner.cpp.o] Error 1\n'}
[272.024929] (-) TimerEvent: {}
[272.037964] (pc21_sysid) StderrLine: {'line': b'gmake[1]: *** [CMakeFiles/Makefile2:140: CMakeFiles/maneuver_runner.dir/all] Error 2\n'}
[272.039650] (pc21_sysid) StderrLine: {'line': b'gmake: *** [Makefile:146: all] Error 2\n'}
[272.125283] (-) TimerEvent: {}
[272.226867] (-) TimerEvent: {}
[272.328732] (-) TimerEvent: {}
[272.430323] (-) TimerEvent: {}
[272.531889] (-) TimerEvent: {}
[272.633516] (-) TimerEvent: {}
[272.735159] (-) TimerEvent: {}
[272.853660] (-) TimerEvent: {}
[273.023828] (-) TimerEvent: {}
[273.064917] (pc21_sysid) CommandEnded: {'returncode': 2}
[273.402948] (-) TimerEvent: {}
[273.517454] (-) TimerEvent: {}
[273.645138] (-) TimerEvent: {}
[273.751818] (-) TimerEvent: {}
[273.854179] (-) TimerEvent: {}
[273.982682] (-) TimerEvent: {}
[274.093132] (-) TimerEvent: {}
[274.206863] (-) TimerEvent: {}
[274.309852] (-) TimerEvent: {}
[274.416452] (-) TimerEvent: {}
[274.447530] (pc21_sysid) JobEnded: {'identifier': 'pc21_sysid', 'rc': 2}
[274.521831] (-) TimerEvent: {}
[274.522740] (-) EventReactorShutdown: {}
